<pnp:Provisioning xmlns:pnp="http://schemas.dev.office.com/PnP/2019/09/ProvisioningSchema"
                  Author="John White"
                  Generator="Human being"
                  Version="1.0"
                  Description="Home Site"
                  DisplayName="The Landing"
                  ImagePreviewUrl="https://raw.githubusercontent.com/SharePoint/sp-dev-provisioning-templates/master/site/thelanding/top-the-landing.png">

  <pnp:Preferences Author="John Black" Version="1.0" Generator="Human being :-)">
    <pnp:Parameters>
      <pnp:Parameter Key="SiteTitle">The Landing</pnp:Parameter>
      <pnp:Parameter Key="SiteUrl">/sites/TheLanding</pnp:Parameter>
    </pnp:Parameters>
  </pnp:Preferences>
  <pnp:Sequence ID="sequence">
    <pnp:SiteCollections>
      <pnp:SiteCollection xmlns:xsi="http://www.w3.org/2001/XMLSchema-instance" xsi:type="pnp:CommunicationSite" ProvisioningId="MAIN" SiteDesign="Topic" Language="1033" Title="{parameter:SiteTitle}" Description="" Url="{parameter:SiteUrl}" IsHubSite="false" Owner="{CurrentUserLoginName}">
        <pnp:Templates>
          <pnp:ProvisioningTemplateReference ID="MAIN-TEMPLATE"/>
        </pnp:Templates>
      </pnp:SiteCollection>
    </pnp:SiteCollections>
  </pnp:Sequence>
  <pnp:Templates ID="SITE-TEMPLATES">
    <pnp:ProvisioningTemplate ID="MAIN-TEMPLATE" Version="1" BaseSiteTemplate="SITEPAGEPUBLISHING#0" Scope="RootSite">
      <pnp:Header Layout="Compact" MenuStyle="MegaMenu" BackgroundEmphasis="Strong" />
      <pnp:Footer Enabled="true" Logo="{site}/SiteAssets/__footerlogo__ContosoElectronics_logo_slab@4x.png" RemoveExistingNodes="true">
        <pnp:FooterLinks>
          <pnp:FooterLink DisplayName="Contact us" Url="http://linkless.header/" />
          <pnp:FooterLink DisplayName="Terms of use" Url="http://linkless.header/" />
          <pnp:FooterLink DisplayName="Privacy Policy" Url="http://linkless.header/" />
          <pnp:FooterLink DisplayName="Legal" Url="http://linkless.header/" />
          <pnp:FooterLink DisplayName="Site Map" Url="http://linkless.header/" />
        </pnp:FooterLinks>
      </pnp:Footer>
      <pnp:Theme Name="">
        {
        "neutralPrimaryAlt":  "#8d8b8a",
        "themeLighterAlt":  "#f2f9fa",
        "black":  "#494847",
        "themeTertiary":  "#5aa8af",
        "primaryBackground":  "#ffffff",
        "neutralQuaternaryAlt":  "#dadada",
        "accent":  "#535C68",
        "themePrimary":  "#17717A",
        "neutralSecondary":  "#a3a2a0",
        "themeLighter":  "#cbe7ea",
        "themeDark":  "#12575d",
        "neutralPrimary":  "#323130",
        "neutralLighterAlt":  "#f8f8f8",
        "neutralLighter":  "#f4f4f4",
        "neutralDark":  "#605e5d",
        "neutralQuaternary":  "#d0d0d0",
        "neutralLight":  "#eaeaea",
        "primaryText":  "#333333",
        "themeDarker":  "#0d4045",
        "neutralTertiaryAlt":  "#c8c8c8",
        "themeDarkAlt":  "#15676e",
        "white":  "#ffffff",
        "bodyBackground":  "#ffffff",
        "themeSecondary":  "#28828a",
        "bodyText":  "#333333",
        "disabledBackground":  "# f4f4f4",
        "neutralTertiary":  "#bab8b7",
        "themeLight":  "#a3d3d7",
        "disabledText":  "#c8c8c8"
        }
      </pnp:Theme>
      <pnp:Navigation AddNewPagesToNavigation="true" CreateFriendlyUrlsForNewPages="true">
        <pnp:GlobalNavigation NavigationType="Structural">
          <pnp:StructuralNavigation RemoveExistingNodes="true" />
        </pnp:GlobalNavigation>
        <pnp:CurrentNavigation NavigationType="StructuralLocal">
          <pnp:StructuralNavigation RemoveExistingNodes="true">
            <pnp:NavigationNode Title="Who we are" Url="http://linkless.header/" IsExternal="true" />
            <pnp:NavigationNode Title="What's happening" Url="http://linkless.header/" IsExternal="true" />
            <pnp:NavigationNode Title="Find it" Url="http://linkless.header/" IsExternal="true" />
            <pnp:NavigationNode Title="My SharePoint" Url="http://linkless.header/" IsExternal="true" />
          </pnp:StructuralNavigation>
        </pnp:CurrentNavigation>
      </pnp:Navigation>
      <pnp:Files>
        <pnp:File Src="assets/__sitelogo____sitelogo__thelandings-v3@2x.png" Folder="SiteAssets" Overwrite="false" />
        <pnp:File Src="assets/__footerlogo__ContosoElectronics_logo_slab@4x.png" Folder="SiteAssets" Overwrite="false" />
        <pnp:File Src="assets/SitePages/newpage/40298-NewPerspective-newspost.jpg" Folder="SiteAssets/SitePages/newpage" Overwrite="false" />
        <pnp:File Src="assets/SitePages/Communicating-Product-Value-1-/product-value.png" Folder="SiteAssets/SitePages/Communicating-Product-Value-1-" Overwrite="false" />
        <pnp:File Src="assets/SitePages/New-401K-Packets-Available-Now/401k-packets.png" Folder="SiteAssets/SitePages/New-401K-Packets-Available-Now" Overwrite="false" />
        <pnp:File Src="assets/SitePages/Taking-flight--Student-mentorship-opportunities-at-Contoso/TAKINGFLIGHT.jpeg" Folder="SiteAssets/SitePages/Taking-flight--Student-mentorship-opportunities-at-Contoso" Overwrite="false" />
        <pnp:File Src="assets/SitePages/The-importance-of-branding-at-Contoso/importance-of-branding.png" Folder="SiteAssets/SitePages/The-importance-of-branding-at-Contoso" Overwrite="false" />
        <pnp:File Src="assets/SitePages/TheLanding/3114-93699-3col_innovation@contoso.jpg" Folder="SiteAssets/SitePages/TheLanding" Overwrite="false" />
        <pnp:File Src="assets/SitePages/TheLanding/21573-19397-3col_diversity@contoso.jpg" Folder="SiteAssets/SitePages/TheLanding" Overwrite="false" />
        <pnp:File Src="assets/SitePages/TheLanding/27543-75097-3col_give@contoso.jpg" Folder="SiteAssets/SitePages/TheLanding" Overwrite="false" />
        <pnp:File Src="assets/SitePages/TheLanding/39864-38845-3col_mentorship@contoso.jpg" Folder="SiteAssets/SitePages/TheLanding" Overwrite="false" />
        <pnp:File Src="assets/SitePages/TheLanding/41043-95569-3col_culture@contoso.jpg" Folder="SiteAssets/SitePages/TheLanding" Overwrite="false" />
        <pnp:File Src="assets/SitePages/TheLanding/78179-99511-3col_learning@contoso.jpg" Folder="SiteAssets/SitePages/TheLanding" Overwrite="false" />
        <pnp:File Src="assets/SitePages/TheLanding/99802443778008countdowntimer_2a.png" Folder="SiteAssets/SitePages/TheLanding" Overwrite="false" />
        <pnp:File Src="assets/SitePages/TheLanding/carlos.jpg" Folder="SiteAssets/SitePages/TheLanding" Overwrite="false" />
        <pnp:File Src="assets/SitePages/TheLanding/mark8roadmap.jpg" Folder="SiteAssets/SitePages/TheLanding" Overwrite="false" />
        <pnp:File Src="assets/SitePages/TheLanding/privacy.jpg" Folder="SiteAssets/SitePages/TheLanding" Overwrite="false" />
        <pnp:File Src="assets/SitePages/TheLanding/quadcopter.jpg" Folder="SiteAssets/SitePages/TheLanding" Overwrite="false" />
        <pnp:File Src="assets/SitePages/TheLanding/showcase.jpg" Folder="SiteAssets/SitePages/TheLanding" Overwrite="false" />
        <pnp:File Src="assets/SitePages/TheLanding/townhall.jpg" Folder="SiteAssets/SitePages/TheLanding" Overwrite="false" />
        <pnp:File Src="assets/Recommended-docs/Contoso 2019 401k Enrollment Guide.pdf" Folder="Shared%20Documents\Recommended-docs" Overwrite="false" />
        <pnp:File Src="assets/Recommended-docs/Contoso 2019 Life Insurance.pdf" Folder="Shared%20Documents\Recommended-docs" Overwrite="false" />
        <pnp:File Src="assets/Recommended-docs/Contoso 2019 Medical Benefits.pdf" Folder="Shared%20Documents\Recommended-docs" Overwrite="false" />
        <pnp:File Src="assets/Recommended-docs/Contoso Parenting Resources.pdf" Folder="Shared%20Documents\Recommended-docs" Overwrite="false" />
      </pnp:Files>
      <pnp:WebSettings RequestAccessEmail="" NoCrawl="false" WelcomePage="SitePages/Home.aspx" SiteLogo="{hosturl}{site}/SiteAssets/__sitelogo____sitelogo__thelandings-v3@2x.png" CommentsOnSitePagesDisabled="false" QuickLaunchEnabled="false" />
      <pnp:RegionalSettings AdjustHijriDays="0" AlternateCalendarType="None" CalendarType="Gregorian" Collation="25" FirstDayOfWeek="Sunday" FirstWeekOfYear="0" LocaleId="1033" ShowWeeks="false" Time24="false" TimeZone="13" WorkDayEndHour="5:00PM" WorkDays="62" WorkDayStartHour="8:00AM" />
      <pnp:Lists>
        <pnp:ListInstance Title="Site Assets" Description="Use this library to store files which are included on pages within this site, such as images on Wiki pages." DocumentTemplate="{site}/SiteAssets/Forms/template.doc" TemplateType="101" Url="SiteAssets" EnableVersioning="true" MinorVersionLimit="0" MaxVersionLimit="500" DraftVersionVisibility="0" TemplateFeatureID="00bfea71-e717-4e80-aa17-d0c71b360101" EnableAttachments="false" DefaultDisplayFormUrl="{site}/SiteAssets/Forms/DispForm.aspx" DefaultEditFormUrl="{site}/SiteAssets/Forms/EditForm.aspx" DefaultNewFormUrl="{site}/SiteAssets/Forms/Upload.aspx" ImageUrl="/_layouts/15/images/itdl.png?rev=44" IrmExpire="false" IrmReject="false" IsApplicationList="true" ValidationFormula="" ValidationMessage="">
          <pnp:ContentTypeBindings>
            <pnp:ContentTypeBinding ContentTypeID="0x0101" Default="true" />
            <pnp:ContentTypeBinding ContentTypeID="0x0120" />
          </pnp:ContentTypeBindings>
        </pnp:ListInstance>
      </pnp:Lists>
      <pnp:ClientSidePages>
        <pnp:ClientSidePage PageName="home.aspx" PromoteAsNewsArticle="false" PromoteAsTemplate="false" Overwrite="true" Layout="Home" EnableComments="false" Title="Home">
          <pnp:Header Type="Default" LayoutType="FullWidthImage" TextAlignment="Center" ShowTopicHeader="false" ShowPublishDate="false" TopicHeader="" AlternativeText="" Authors="" AuthorByLineId="-1" />
          <pnp:Sections>
            <pnp:Section Order="1" Type="OneColumnVerticalSection" VerticalSectionEmphasis="Neutral">
              <pnp:Controls>
                <pnp:CanvasControl WebPartType="News" JsonControlData="{&quot;id&quot;:&quot;8c88f208-6c77-4bdb-86a0-0c47b4316588&quot;,&quot;instanceId&quot;:&quot;b8e58360-6d6f-48ff-a004-e7b1970adfbf&quot;,&quot;title&quot;:&quot;News&quot;,&quot;description&quot;:&quot;News&quot;,&quot;serverProcessedContent&quot;:{&quot;htmlStrings&quot;:{},&quot;searchablePlainTexts&quot;:{},&quot;imageSources&quot;:{},&quot;links&quot;:{&quot;baseUrl&quot;:&quot;{site}&quot;},&quot;componentDependencies&quot;:{&quot;layoutComponentId&quot;:&quot;8ac0c53c-e8d0-4e3e-87d0-7449eb0d4027&quot;}},&quot;dataVersion&quot;:&quot;1.11&quot;,&quot;properties&quot;:{&quot;carouselSettings&quot;:{&quot;autoplay&quot;:true,&quot;autoplaySpeed&quot;:5,&quot;dots&quot;:true,&quot;lazyLoad&quot;:true,&quot;metadata&quot;:true,&quot;swipe&quot;:true,&quot;useStockItems&quot;:false},&quot;showChrome&quot;:false,&quot;showSocialActions&quot;:true,&quot;layoutId&quot;:&quot;Carousel&quot;,&quot;prefetchCount&quot;:4,&quot;filters&quot;:[{&quot;filterType&quot;:1,&quot;value&quot;:&quot;&quot;,&quot;values&quot;:[]}],&quot;newsDataSourceProp&quot;:1,&quot;dataProviderId&quot;:&quot;viewCounts&quot;,&quot;newsSiteList&quot;:[],&quot;renderItemsSliderValue&quot;:4,&quot;webId&quot;:&quot;{siteid}}&quot;,&quot;siteId&quot;:&quot;{sitecollectionid}&quot;,&quot;pinnedItems&quot;:[{&quot;author&quot;:&quot;&quot;,&quot;authorAccountName&quot;:&quot;&quot;,&quot;description&quot;:&quot;&quot;,&quot;image&quot;:&quot;&quot;,&quot;publishedOnRelativeTime&quot;:&quot;A few seconds ago&quot;,&quot;title&quot;:&quot;Automatic&quot;,&quot;listItemId&quot;:&quot;&quot;,&quot;isHelpArticle&quot;:true,&quot;uniqueId&quot;:&quot;fa7f5083-daa8-4c99-ae17-c9bf37e43064&quot;,&quot;siteId&quot;:&quot;fa7f5083-daa8-4c99-ae17-c9bf37e43064&quot;,&quot;webId&quot;:&quot;fa7f5083-daa8-4c99-ae17-c9bf37e43064&quot;},{&quot;author&quot;:&quot;&quot;,&quot;authorAccountName&quot;:&quot;&quot;,&quot;description&quot;:&quot;&quot;,&quot;image&quot;:&quot;&quot;,&quot;publishedOnRelativeTime&quot;:&quot;A few seconds ago&quot;,&quot;title&quot;:&quot;Automatic&quot;,&quot;listItemId&quot;:&quot;&quot;,&quot;isHelpArticle&quot;:true,&quot;uniqueId&quot;:&quot;33ea7d6d-7b9b-4e62-b9ed-9ab8a006b890&quot;,&quot;siteId&quot;:&quot;33ea7d6d-7b9b-4e62-b9ed-9ab8a006b890&quot;,&quot;webId&quot;:&quot;33ea7d6d-7b9b-4e62-b9ed-9ab8a006b890&quot;},{&quot;author&quot;:&quot;&quot;,&quot;authorAccountName&quot;:&quot;&quot;,&quot;description&quot;:&quot;&quot;,&quot;image&quot;:&quot;&quot;,&quot;publishedOnRelativeTime&quot;:&quot;A few seconds ago&quot;,&quot;title&quot;:&quot;Automatic&quot;,&quot;listItemId&quot;:&quot;&quot;,&quot;isHelpArticle&quot;:true,&quot;uniqueId&quot;:&quot;265039b7-11ec-4d73-8282-0fb31b65f89f&quot;,&quot;siteId&quot;:&quot;265039b7-11ec-4d73-8282-0fb31b65f89f&quot;,&quot;webId&quot;:&quot;265039b7-11ec-4d73-8282-0fb31b65f89f&quot;},{&quot;author&quot;:&quot;&quot;,&quot;authorAccountName&quot;:&quot;&quot;,&quot;description&quot;:&quot;&quot;,&quot;image&quot;:&quot;&quot;,&quot;publishedOnRelativeTime&quot;:&quot;A few seconds ago&quot;,&quot;title&quot;:&quot;Automatic&quot;,&quot;listItemId&quot;:&quot;&quot;,&quot;isHelpArticle&quot;:true,&quot;uniqueId&quot;:&quot;467a472d-c3fe-43b6-abbf-6b38b6ccda1e&quot;,&quot;siteId&quot;:&quot;467a472d-c3fe-43b6-abbf-6b38b6ccda1e&quot;,&quot;webId&quot;:&quot;467a472d-c3fe-43b6-abbf-6b38b6ccda1e&quot;},{&quot;author&quot;:&quot;&quot;,&quot;authorAccountName&quot;:&quot;&quot;,&quot;description&quot;:&quot;&quot;,&quot;image&quot;:&quot;&quot;,&quot;publishedOnRelativeTime&quot;:&quot;A few seconds ago&quot;,&quot;title&quot;:&quot;Automatic&quot;,&quot;listItemId&quot;:&quot;&quot;,&quot;isHelpArticle&quot;:true,&quot;uniqueId&quot;:&quot;3e139113-7082-4baf-a4f9-2f4c29748cf4&quot;,&quot;siteId&quot;:&quot;3e139113-7082-4baf-a4f9-2f4c29748cf4&quot;,&quot;webId&quot;:&quot;3e139113-7082-4baf-a4f9-2f4c29748cf4&quot;},{&quot;author&quot;:&quot;&quot;,&quot;authorAccountName&quot;:&quot;&quot;,&quot;description&quot;:&quot;&quot;,&quot;image&quot;:&quot;&quot;,&quot;publishedOnRelativeTime&quot;:&quot;A few seconds ago&quot;,&quot;title&quot;:&quot;Automatic&quot;,&quot;listItemId&quot;:&quot;&quot;,&quot;isHelpArticle&quot;:true,&quot;uniqueId&quot;:&quot;6d97701e-701c-4010-ac96-ccda180b394d&quot;,&quot;siteId&quot;:&quot;6d97701e-701c-4010-ac96-ccda180b394d&quot;,&quot;webId&quot;:&quot;6d97701e-701c-4010-ac96-ccda180b394d&quot;},{&quot;author&quot;:&quot;&quot;,&quot;authorAccountName&quot;:&quot;&quot;,&quot;description&quot;:&quot;&quot;,&quot;image&quot;:&quot;&quot;,&quot;publishedOnRelativeTime&quot;:&quot;A few seconds ago&quot;,&quot;title&quot;:&quot;Automatic&quot;,&quot;listItemId&quot;:&quot;&quot;,&quot;isHelpArticle&quot;:true,&quot;uniqueId&quot;:&quot;e886e2a7-1dfe-4186-bb32-641c74febd71&quot;,&quot;siteId&quot;:&quot;e886e2a7-1dfe-4186-bb32-641c74febd71&quot;,&quot;webId&quot;:&quot;e886e2a7-1dfe-4186-bb32-641c74febd71&quot;},{&quot;author&quot;:&quot;&quot;,&quot;authorAccountName&quot;:&quot;&quot;,&quot;description&quot;:&quot;&quot;,&quot;image&quot;:&quot;&quot;,&quot;publishedOnRelativeTime&quot;:&quot;A few seconds ago&quot;,&quot;title&quot;:&quot;Automatic&quot;,&quot;listItemId&quot;:&quot;&quot;,&quot;isHelpArticle&quot;:true,&quot;uniqueId&quot;:&quot;ac5d2844-2c92-4df4-bca5-dc3ec585fab1&quot;,&quot;siteId&quot;:&quot;ac5d2844-2c92-4df4-bca5-dc3ec585fab1&quot;,&quot;webId&quot;:&quot;ac5d2844-2c92-4df4-bca5-dc3ec585fab1&quot;},{&quot;author&quot;:&quot;&quot;,&quot;authorAccountName&quot;:&quot;&quot;,&quot;description&quot;:&quot;&quot;,&quot;image&quot;:&quot;&quot;,&quot;publishedOnRelativeTime&quot;:&quot;A few seconds ago&quot;,&quot;title&quot;:&quot;Automatic&quot;,&quot;listItemId&quot;:&quot;&quot;,&quot;isHelpArticle&quot;:true,&quot;uniqueId&quot;:&quot;70e5b11c-0e54-4130-a6c0-3d8a41e74519&quot;,&quot;siteId&quot;:&quot;70e5b11c-0e54-4130-a6c0-3d8a41e74519&quot;,&quot;webId&quot;:&quot;70e5b11c-0e54-4130-a6c0-3d8a41e74519&quot;},{&quot;author&quot;:&quot;&quot;,&quot;authorAccountName&quot;:&quot;&quot;,&quot;description&quot;:&quot;&quot;,&quot;image&quot;:&quot;&quot;,&quot;publishedOnRelativeTime&quot;:&quot;A few seconds ago&quot;,&quot;title&quot;:&quot;Automatic&quot;,&quot;listItemId&quot;:&quot;&quot;,&quot;isHelpArticle&quot;:true,&quot;uniqueId&quot;:&quot;0dbcb6d6-973a-41b4-a6be-8eca09addc65&quot;,&quot;siteId&quot;:&quot;0dbcb6d6-973a-41b4-a6be-8eca09addc65&quot;,&quot;webId&quot;:&quot;0dbcb6d6-973a-41b4-a6be-8eca09addc65&quot;}],&quot;templateId&quot;:&quot;Carousel&quot;,&quot;propsLastEdited&quot;:&quot;2019-09-24T10:14:18.909Z&quot;,&quot;compactMode&quot;:false,&quot;sites&quot;:[],&quot;showNewsPinningPanel&quot;:true,&quot;showNewsMetadata&quot;:{&quot;showSocialActions&quot;:true,&quot;showAuthor&quot;:true,&quot;showDate&quot;:true},&quot;serializedFilterQuery&quot;:&quot;&lt;Where&gt;&lt;Eq&gt;&lt;FieldRef Name=\&quot;FSObjType\&quot; /&gt;&lt;Value Type=\&quot;Integer\&quot;&gt;0&lt;/Value&gt;&lt;/Eq&gt;&lt;/Where&gt;&quot;}}" ControlId="8c88f208-6c77-4bdb-86a0-0c47b4316588" Order="1" Column="1" />
                <pnp:CanvasControl WebPartType="News" JsonControlData="{&quot;id&quot;: &quot;8c88f208-6c77-4bdb-86a0-0c47b4316588&quot;, &quot;instanceId&quot;: &quot;0a07647c-a89a-4682-8856-3650f4e6851d&quot;, &quot;title&quot;: &quot;News&quot;, &quot;description&quot;: &quot;Display recent news.&quot;, &quot;dataVersion&quot;: &quot;1.11&quot;, &quot;properties&quot;: {&quot;carouselSettings&quot;:{&quot;autoplay&quot;:false,&quot;autoplaySpeed&quot;:5,&quot;dots&quot;:true,&quot;lazyLoad&quot;:true,&quot;metadata&quot;:true,&quot;swipe&quot;:true,&quot;useStockItems&quot;:false},&quot;showChrome&quot;:false,&quot;showSocialActions&quot;:true,&quot;layoutId&quot;:&quot;GridNews&quot;,&quot;prefetchCount&quot;:4,&quot;filters&quot;:[{&quot;filterType&quot;:1,&quot;value&quot;:&quot;&quot;,&quot;values&quot;:[]}],&quot;newsDataSourceProp&quot;:1,&quot;dataProviderId&quot;:&quot;news&quot;,&quot;newsSiteList&quot;:[{&quot;Acronym&quot;:&quot;CN&quot;,&quot;Title&quot;:&quot;Contoso News&quot;,&quot;BannerColor&quot;:&quot;#00B294&quot;,&quot;BannerImageUrl&quot;:&quot;&quot;,&quot;Url&quot;:&quot;{hosturl}/sites/ContosoNews&quot;,&quot;Type&quot;:&quot;Site&quot;,&quot;ItemReference&quot;:{&quot;WebId&quot;:&quot;{siteid}&quot;,&quot;IndexId&quot;:17604909444843,&quot;ExchangeId&quot;:&quot;SPO_NzhiYTU1MTYtNmEyMS00NDlhLWEzN2QtNWFjZjg4OTM4NGViLDVmZjNhMzQ4LTU5MzQtNDRkZS1iNjNlLTE0NWU2NDJlNzkwYiwwMDAwMDAwMC0wMDAwLTAwMDAtMDAwMC0wMDAwMDAwMDAwMDA_01IOIQBPAAAAAAAAAAAAAAAAAAAAAAAAAA&quot;,&quot;SiteId&quot;:&quot;78ba5516-6a21-449a-a37d-5acf889384eb&quot;,&quot;Type&quot;:&quot;SiteReference&quot;}},{&quot;Acronym&quot;:&quot;LC&quot;,&quot;Title&quot;:&quot;Leadership Connection&quot;,&quot;BannerColor&quot;:&quot;#0078d4&quot;,&quot;BannerImageUrl&quot;:&quot;{hosturl}/sites/leadership-connection/SiteAssets/sitelogo.png&quot;,&quot;Url&quot;:&quot;{hosturl}/sites/leadership-connection&quot;,&quot;Type&quot;:&quot;Site&quot;,&quot;ItemReference&quot;:{&quot;WebId&quot;:&quot;{siteid}&quot;,&quot;IndexId&quot;:17604899184707,&quot;ExchangeId&quot;:&quot;SPO_MDZlZDVhOTAtY2UwZi00ZDkwLTlkMTAtMzJhNzU4M2QwOTE5LDVmZjNhMzQ4LTU5MzQtNDRkZS1iNjNlLTE0NWU2NDJlNzkwYiwwMDAwMDAwMC0wMDAwLTAwMDAtMDAwMC0wMDAwMDAwMDAwMDA_012BDGL7QAAAAAAAAAAAAAAAAAAAAAAAAA&quot;,&quot;SiteId&quot;:&quot;06ed5a90-ce0f-4d90-9d10-32a7583d0919&quot;,&quot;Type&quot;:&quot;SiteReference&quot;}},{&quot;Acronym&quot;:&quot;HR&quot;,&quot;Title&quot;:&quot;Human Resources&quot;,&quot;BannerColor&quot;:&quot;#017E9D&quot;,&quot;BannerImageUrl&quot;:&quot;{hosturl}/sites/starter-hr/_api/groupservice/getgroupimage?id='08bfa7f9-94a7-41ce-9d30-b773e3d0fcc7'&quot;,&quot;Url&quot;:&quot;{hosturl}/sites/starter-hr&quot;,&quot;Type&quot;:&quot;Group&quot;,&quot;ItemReference&quot;:{&quot;GroupId&quot;:&quot;26a5a99f-ca47-4372-aa0b-25537c1a17ef&quot;,&quot;WebId&quot;:&quot;adb03181-6ce0-4fd1-94fb-eb990d71b96f&quot;,&quot;IndexId&quot;:17604937234524,&quot;ExchangeId&quot;:&quot;SPO_MzMxYTU0YzAtZGUxYS00YzYxLWFlMDYtMzhlNmE3Yzg3ZDM0LGFkYjAzMTgxLTZjZTAtNGZkMS05NGZiLWViOTkwZDcxYjk2ZiwwMDAwMDAwMC0wMDAwLTAwMDAtMDAwMC0wMDAwMDAwMDAwMDA_01IF2RSCIAAAAAAAAAAAAAAAAAAAAAAAAA&quot;,&quot;SiteId&quot;:&quot;331a54c0-de1a-4c61-ae06-38e6a7c87d34&quot;,&quot;Type&quot;:&quot;GroupReference&quot;}},{&quot;Acronym&quot;:&quot;B&quot;,&quot;Title&quot;:&quot;Benefits&quot;,&quot;BannerColor&quot;:&quot;#017E9D&quot;,&quot;BannerImageUrl&quot;:&quot;{hosturl}/sites/hr-live/SiteAssets/__sitelogo____sitelogo__logo_v_02.png&quot;,&quot;Url&quot;:&quot;{hosturl}/sites/hr-live&quot;,&quot;Type&quot;:&quot;Site&quot;,&quot;ItemReference&quot;:{&quot;WebId&quot;:&quot;{siteid}&quot;,&quot;IndexId&quot;:17604916624758,&quot;ExchangeId&quot;:&quot;SPO_MDExODFiZTEtNjU2OC00ZWI3LTg0YjQtZWJmMWMzZWNlNzEwLDVmZjNhMzQ4LTU5MzQtNDRkZS1iNjNlLTE0NWU2NDJlNzkwYiwwMDAwMDAwMC0wMDAwLTAwMDAtMDAwMC0wMDAwMDAwMDAwMDA_01WM65CLAAAAAAAAAAAAAAAAAAAAAAAAAA&quot;,&quot;Source&quot;:&quot;Users&quot;,&quot;SiteId&quot;:&quot;01181be1-6568-4eb7-84b4-ebf1c3ece710&quot;,&quot;Type&quot;:&quot;SiteReference&quot;}},{&quot;Acronym&quot;:&quot;M&quot;,&quot;Title&quot;:&quot;Marketing&quot;,&quot;BannerColor&quot;:&quot;#00B294&quot;,&quot;BannerImageUrl&quot;:&quot;{hosturl}/sites/GlobalMarketing/SiteAssets/__sitelogo__GlobalMarketing_header-logo.png&quot;,&quot;Url&quot;:&quot;{hosturl}/sites/GlobalMarketing&quot;,&quot;Type&quot;:&quot;Site&quot;,&quot;ItemReference&quot;:{&quot;WebId&quot;:&quot;{siteid}&quot;,&quot;IndexId&quot;:17604938765455,&quot;ExchangeId&quot;:&quot;SPO_MDJiNTA5MjgtYWExYy00OWZmLThhNTItMjMyOGIwZWQ0OWU0LDVmZjNhMzQ4LTU5MzQtNDRkZS1iNjNlLTE0NWU2NDJlNzkwYiwwMDAwMDAwMC0wMDAwLTAwMDAtMDAwMC0wMDAwMDAwMDAwMDA_01IE4EJKYAAAAAAAAAAAAAAAAAAAAAAAAA&quot;,&quot;SiteId&quot;:&quot;02b50928-aa1c-49ff-8a52-2328b0ed49e4&quot;,&quot;Type&quot;:&quot;SiteReference&quot;}}],&quot;renderItemsSliderValue&quot;:4,&quot;webId&quot;:&quot;{siteid}&quot;,&quot;siteId&quot;:&quot;{sitecollectionid}&quot;,&quot;pinnedItems&quot;:[{&quot;author&quot;:&quot;&quot;,&quot;authorAccountName&quot;:&quot;&quot;,&quot;description&quot;:&quot;&quot;,&quot;image&quot;:&quot;none&quot;,&quot;publishedOnRelativeTime&quot;:&quot;A few seconds ago&quot;,&quot;title&quot;:&quot;Automatic&quot;,&quot;listItemId&quot;:&quot;&quot;,&quot;isHelpArticle&quot;:true,&quot;uniqueId&quot;:&quot;21b87890-bcf3-4f85-a70b-fbba9f318f5f&quot;,&quot;siteId&quot;:&quot;21b87890-bcf3-4f85-a70b-fbba9f318f5f&quot;,&quot;webId&quot;:&quot;21b87890-bcf3-4f85-a70b-fbba9f318f5f&quot;},{&quot;author&quot;:&quot;&quot;,&quot;authorAccountName&quot;:&quot;&quot;,&quot;description&quot;:&quot;&quot;,&quot;image&quot;:&quot;none&quot;,&quot;publishedOnRelativeTime&quot;:&quot;A few seconds ago&quot;,&quot;title&quot;:&quot;Automatic&quot;,&quot;listItemId&quot;:&quot;&quot;,&quot;isHelpArticle&quot;:true,&quot;uniqueId&quot;:&quot;c98fb935-f77b-41f8-9a72-f270bd5d9091&quot;,&quot;siteId&quot;:&quot;c98fb935-f77b-41f8-9a72-f270bd5d9091&quot;,&quot;webId&quot;:&quot;c98fb935-f77b-41f8-9a72-f270bd5d9091&quot;},{&quot;author&quot;:&quot;&quot;,&quot;authorAccountName&quot;:&quot;&quot;,&quot;description&quot;:&quot;&quot;,&quot;image&quot;:&quot;none&quot;,&quot;publishedOnRelativeTime&quot;:&quot;A few seconds ago&quot;,&quot;title&quot;:&quot;Automatic&quot;,&quot;listItemId&quot;:&quot;&quot;,&quot;isHelpArticle&quot;:true,&quot;uniqueId&quot;:&quot;f4dcef79-2c57-4b07-9f85-eec3db3d8e73&quot;,&quot;siteId&quot;:&quot;f4dcef79-2c57-4b07-9f85-eec3db3d8e73&quot;,&quot;webId&quot;:&quot;f4dcef79-2c57-4b07-9f85-eec3db3d8e73&quot;},{&quot;author&quot;:&quot;&quot;,&quot;authorAccountName&quot;:&quot;&quot;,&quot;description&quot;:&quot;&quot;,&quot;image&quot;:&quot;none&quot;,&quot;publishedOnRelativeTime&quot;:&quot;A few seconds ago&quot;,&quot;title&quot;:&quot;Automatic&quot;,&quot;listItemId&quot;:&quot;&quot;,&quot;isHelpArticle&quot;:true,&quot;uniqueId&quot;:&quot;8e0c5ca3-87fa-4f45-a264-071a158eff16&quot;,&quot;siteId&quot;:&quot;8e0c5ca3-87fa-4f45-a264-071a158eff16&quot;,&quot;webId&quot;:&quot;8e0c5ca3-87fa-4f45-a264-071a158eff16&quot;},{&quot;author&quot;:&quot;&quot;,&quot;authorAccountName&quot;:&quot;&quot;,&quot;description&quot;:&quot;&quot;,&quot;image&quot;:&quot;none&quot;,&quot;publishedOnRelativeTime&quot;:&quot;A few seconds ago&quot;,&quot;title&quot;:&quot;Automatic&quot;,&quot;listItemId&quot;:&quot;&quot;,&quot;isHelpArticle&quot;:true,&quot;uniqueId&quot;:&quot;cbd5da65-d1bb-49bb-8aae-a9ddc1cbcdb5&quot;,&quot;siteId&quot;:&quot;cbd5da65-d1bb-49bb-8aae-a9ddc1cbcdb5&quot;,&quot;webId&quot;:&quot;cbd5da65-d1bb-49bb-8aae-a9ddc1cbcdb5&quot;},{&quot;author&quot;:&quot;&quot;,&quot;authorAccountName&quot;:&quot;&quot;,&quot;description&quot;:&quot;&quot;,&quot;image&quot;:&quot;none&quot;,&quot;publishedOnRelativeTime&quot;:&quot;A few seconds ago&quot;,&quot;title&quot;:&quot;Automatic&quot;,&quot;listItemId&quot;:&quot;&quot;,&quot;isHelpArticle&quot;:true,&quot;uniqueId&quot;:&quot;ba704634-ccc8-41de-a854-03ad0ee8e047&quot;,&quot;siteId&quot;:&quot;ba704634-ccc8-41de-a854-03ad0ee8e047&quot;,&quot;webId&quot;:&quot;ba704634-ccc8-41de-a854-03ad0ee8e047&quot;},{&quot;author&quot;:&quot;&quot;,&quot;authorAccountName&quot;:&quot;&quot;,&quot;description&quot;:&quot;&quot;,&quot;image&quot;:&quot;none&quot;,&quot;publishedOnRelativeTime&quot;:&quot;A few seconds ago&quot;,&quot;title&quot;:&quot;Automatic&quot;,&quot;listItemId&quot;:&quot;&quot;,&quot;isHelpArticle&quot;:true,&quot;uniqueId&quot;:&quot;f5bba925-d6a3-4bb5-b17d-d158fd4e2ffa&quot;,&quot;siteId&quot;:&quot;f5bba925-d6a3-4bb5-b17d-d158fd4e2ffa&quot;,&quot;webId&quot;:&quot;f5bba925-d6a3-4bb5-b17d-d158fd4e2ffa&quot;},{&quot;author&quot;:&quot;&quot;,&quot;authorAccountName&quot;:&quot;&quot;,&quot;description&quot;:&quot;&quot;,&quot;image&quot;:&quot;none&quot;,&quot;publishedOnRelativeTime&quot;:&quot;A few seconds ago&quot;,&quot;title&quot;:&quot;Automatic&quot;,&quot;listItemId&quot;:&quot;&quot;,&quot;isHelpArticle&quot;:true,&quot;uniqueId&quot;:&quot;9cc7d96a-5245-48dd-af4e-935dee4d4fca&quot;,&quot;siteId&quot;:&quot;9cc7d96a-5245-48dd-af4e-935dee4d4fca&quot;,&quot;webId&quot;:&quot;9cc7d96a-5245-48dd-af4e-935dee4d4fca&quot;},{&quot;author&quot;:&quot;&quot;,&quot;authorAccountName&quot;:&quot;&quot;,&quot;description&quot;:&quot;&quot;,&quot;image&quot;:&quot;none&quot;,&quot;publishedOnRelativeTime&quot;:&quot;A few seconds ago&quot;,&quot;title&quot;:&quot;Automatic&quot;,&quot;listItemId&quot;:&quot;&quot;,&quot;isHelpArticle&quot;:true,&quot;uniqueId&quot;:&quot;63baf689-31aa-467f-91c5-47468c1f5c15&quot;,&quot;siteId&quot;:&quot;63baf689-31aa-467f-91c5-47468c1f5c15&quot;,&quot;webId&quot;:&quot;63baf689-31aa-467f-91c5-47468c1f5c15&quot;},{&quot;author&quot;:&quot;&quot;,&quot;authorAccountName&quot;:&quot;&quot;,&quot;description&quot;:&quot;&quot;,&quot;image&quot;:&quot;none&quot;,&quot;publishedOnRelativeTime&quot;:&quot;A few seconds ago&quot;,&quot;title&quot;:&quot;Automatic&quot;,&quot;listItemId&quot;:&quot;&quot;,&quot;isHelpArticle&quot;:true,&quot;uniqueId&quot;:&quot;85445fcc-1a9a-4b49-8b12-7bb6b4a63e3e&quot;,&quot;siteId&quot;:&quot;85445fcc-1a9a-4b49-8b12-7bb6b4a63e3e&quot;,&quot;webId&quot;:&quot;85445fcc-1a9a-4b49-8b12-7bb6b4a63e3e&quot;},{&quot;author&quot;:&quot;&quot;,&quot;authorAccountName&quot;:&quot;&quot;,&quot;description&quot;:&quot;&quot;,&quot;image&quot;:&quot;none&quot;,&quot;publishedOnRelativeTime&quot;:&quot;A few seconds ago&quot;,&quot;title&quot;:&quot;Automatic&quot;,&quot;listItemId&quot;:&quot;&quot;,&quot;isHelpArticle&quot;:true,&quot;uniqueId&quot;:&quot;2e91da21-f977-4f23-9cb4-9318e7cd48ab&quot;,&quot;siteId&quot;:&quot;2e91da21-f977-4f23-9cb4-9318e7cd48ab&quot;,&quot;webId&quot;:&quot;2e91da21-f977-4f23-9cb4-9318e7cd48ab&quot;},{&quot;author&quot;:&quot;&quot;,&quot;authorAccountName&quot;:&quot;&quot;,&quot;description&quot;:&quot;&quot;,&quot;image&quot;:&quot;none&quot;,&quot;publishedOnRelativeTime&quot;:&quot;A few seconds ago&quot;,&quot;title&quot;:&quot;Automatic&quot;,&quot;listItemId&quot;:&quot;&quot;,&quot;isHelpArticle&quot;:true,&quot;uniqueId&quot;:&quot;bba3d4f7-6d03-46c5-bb4d-7f4ea18df2da&quot;,&quot;siteId&quot;:&quot;bba3d4f7-6d03-46c5-bb4d-7f4ea18df2da&quot;,&quot;webId&quot;:&quot;bba3d4f7-6d03-46c5-bb4d-7f4ea18df2da&quot;},{&quot;author&quot;:&quot;&quot;,&quot;authorAccountName&quot;:&quot;&quot;,&quot;description&quot;:&quot;&quot;,&quot;image&quot;:&quot;none&quot;,&quot;publishedOnRelativeTime&quot;:&quot;A few seconds ago&quot;,&quot;title&quot;:&quot;Automatic&quot;,&quot;listItemId&quot;:&quot;&quot;,&quot;isHelpArticle&quot;:true,&quot;uniqueId&quot;:&quot;2f1a6e86-6ec9-4bdb-b578-e86671c5917f&quot;,&quot;siteId&quot;:&quot;2f1a6e86-6ec9-4bdb-b578-e86671c5917f&quot;,&quot;webId&quot;:&quot;2f1a6e86-6ec9-4bdb-b578-e86671c5917f&quot;},{&quot;author&quot;:&quot;&quot;,&quot;authorAccountName&quot;:&quot;&quot;,&quot;description&quot;:&quot;&quot;,&quot;image&quot;:&quot;none&quot;,&quot;publishedOnRelativeTime&quot;:&quot;A few seconds ago&quot;,&quot;title&quot;:&quot;Automatic&quot;,&quot;listItemId&quot;:&quot;&quot;,&quot;isHelpArticle&quot;:true,&quot;uniqueId&quot;:&quot;6f9ce985-d381-40b5-9277-617109a252b4&quot;,&quot;siteId&quot;:&quot;6f9ce985-d381-40b5-9277-617109a252b4&quot;,&quot;webId&quot;:&quot;6f9ce985-d381-40b5-9277-617109a252b4&quot;},{&quot;author&quot;:&quot;&quot;,&quot;authorAccountName&quot;:&quot;&quot;,&quot;description&quot;:&quot;&quot;,&quot;image&quot;:&quot;none&quot;,&quot;publishedOnRelativeTime&quot;:&quot;A few seconds ago&quot;,&quot;title&quot;:&quot;Automatic&quot;,&quot;listItemId&quot;:&quot;&quot;,&quot;isHelpArticle&quot;:true,&quot;uniqueId&quot;:&quot;8f82777d-e4d5-4029-87f5-d925d758e855&quot;,&quot;siteId&quot;:&quot;8f82777d-e4d5-4029-87f5-d925d758e855&quot;,&quot;webId&quot;:&quot;8f82777d-e4d5-4029-87f5-d925d758e855&quot;}],&quot;propsLastEdited&quot;:&quot;2019-08-28T16:08:13.994Z&quot;,&quot;sites&quot;:[{&quot;Acronym&quot;:&quot;CN&quot;,&quot;Title&quot;:&quot;Contoso News&quot;,&quot;BannerColor&quot;:&quot;#00B294&quot;,&quot;BannerImageUrl&quot;:&quot;&quot;,&quot;Url&quot;:&quot;{hosturl}/sites/ContosoNews&quot;,&quot;Type&quot;:&quot;Site&quot;,&quot;ItemReference&quot;:{&quot;WebId&quot;:&quot;{siteid}&quot;,&quot;IndexId&quot;:17604909444843,&quot;ExchangeId&quot;:&quot;SPO_NzhiYTU1MTYtNmEyMS00NDlhLWEzN2QtNWFjZjg4OTM4NGViLDVmZjNhMzQ4LTU5MzQtNDRkZS1iNjNlLTE0NWU2NDJlNzkwYiwwMDAwMDAwMC0wMDAwLTAwMDAtMDAwMC0wMDAwMDAwMDAwMDA_01IOIQBPAAAAAAAAAAAAAAAAAAAAAAAAAA&quot;,&quot;SiteId&quot;:&quot;78ba5516-6a21-449a-a37d-5acf889384eb&quot;,&quot;Type&quot;:&quot;SiteReference&quot;}},{&quot;Acronym&quot;:&quot;LC&quot;,&quot;Title&quot;:&quot;Leadership Connection&quot;,&quot;BannerColor&quot;:&quot;#0078d4&quot;,&quot;BannerImageUrl&quot;:&quot;{hosturl}/sites/leadership-connection/SiteAssets/sitelogo.png&quot;,&quot;Url&quot;:&quot;{hosturl}/sites/leadership-connection&quot;,&quot;Type&quot;:&quot;Site&quot;,&quot;ItemReference&quot;:{&quot;WebId&quot;:&quot;{siteid}&quot;,&quot;IndexId&quot;:17604899184707,&quot;ExchangeId&quot;:&quot;SPO_MDZlZDVhOTAtY2UwZi00ZDkwLTlkMTAtMzJhNzU4M2QwOTE5LDVmZjNhMzQ4LTU5MzQtNDRkZS1iNjNlLTE0NWU2NDJlNzkwYiwwMDAwMDAwMC0wMDAwLTAwMDAtMDAwMC0wMDAwMDAwMDAwMDA_012BDGL7QAAAAAAAAAAAAAAAAAAAAAAAAA&quot;,&quot;SiteId&quot;:&quot;06ed5a90-ce0f-4d90-9d10-32a7583d0919&quot;,&quot;Type&quot;:&quot;SiteReference&quot;}},{&quot;Acronym&quot;:&quot;HR&quot;,&quot;Title&quot;:&quot;Human Resources&quot;,&quot;BannerColor&quot;:&quot;#017E9D&quot;,&quot;BannerImageUrl&quot;:&quot;{hosturl}/sites/starter-hr/_api/groupservice/getgroupimage?id='08bfa7f9-94a7-41ce-9d30-b773e3d0fcc7'&quot;,&quot;Url&quot;:&quot;{hosturl}/sites/starter-hr&quot;,&quot;Type&quot;:&quot;Group&quot;,&quot;ItemReference&quot;:{&quot;GroupId&quot;:&quot;26a5a99f-ca47-4372-aa0b-25537c1a17ef&quot;,&quot;WebId&quot;:&quot;adb03181-6ce0-4fd1-94fb-eb990d71b96f&quot;,&quot;IndexId&quot;:17604937234524,&quot;ExchangeId&quot;:&quot;SPO_MzMxYTU0YzAtZGUxYS00YzYxLWFlMDYtMzhlNmE3Yzg3ZDM0LGFkYjAzMTgxLTZjZTAtNGZkMS05NGZiLWViOTkwZDcxYjk2ZiwwMDAwMDAwMC0wMDAwLTAwMDAtMDAwMC0wMDAwMDAwMDAwMDA_01IF2RSCIAAAAAAAAAAAAAAAAAAAAAAAAA&quot;,&quot;SiteId&quot;:&quot;331a54c0-de1a-4c61-ae06-38e6a7c87d34&quot;,&quot;Type&quot;:&quot;GroupReference&quot;}},{&quot;Acronym&quot;:&quot;B&quot;,&quot;Title&quot;:&quot;Benefits&quot;,&quot;BannerColor&quot;:&quot;#017E9D&quot;,&quot;BannerImageUrl&quot;:&quot;{hosturl}/sites/hr-live/SiteAssets/__sitelogo____sitelogo__logo_v_02.png&quot;,&quot;Url&quot;:&quot;{hosturl}/sites/hr-live&quot;,&quot;Type&quot;:&quot;Site&quot;,&quot;ItemReference&quot;:{&quot;WebId&quot;:&quot;{siteid}&quot;,&quot;IndexId&quot;:17604916624758,&quot;ExchangeId&quot;:&quot;SPO_MDExODFiZTEtNjU2OC00ZWI3LTg0YjQtZWJmMWMzZWNlNzEwLDVmZjNhMzQ4LTU5MzQtNDRkZS1iNjNlLTE0NWU2NDJlNzkwYiwwMDAwMDAwMC0wMDAwLTAwMDAtMDAwMC0wMDAwMDAwMDAwMDA_01WM65CLAAAAAAAAAAAAAAAAAAAAAAAAAA&quot;,&quot;Source&quot;:&quot;Users&quot;,&quot;SiteId&quot;:&quot;01181be1-6568-4eb7-84b4-ebf1c3ece710&quot;,&quot;Type&quot;:&quot;SiteReference&quot;}},{&quot;Acronym&quot;:&quot;M&quot;,&quot;Title&quot;:&quot;Marketing&quot;,&quot;BannerColor&quot;:&quot;#00B294&quot;,&quot;BannerImageUrl&quot;:&quot;{hosturl}/sites/GlobalMarketing/SiteAssets/__sitelogo__GlobalMarketing_header-logo.png&quot;,&quot;Url&quot;:&quot;{hosturl}/sites/GlobalMarketing&quot;,&quot;Type&quot;:&quot;Site&quot;,&quot;ItemReference&quot;:{&quot;WebId&quot;:&quot;{siteid}&quot;,&quot;IndexId&quot;:17604938765455,&quot;ExchangeId&quot;:&quot;SPO_MDJiNTA5MjgtYWExYy00OWZmLThhNTItMjMyOGIwZWQ0OWU0LDVmZjNhMzQ4LTU5MzQtNDRkZS1iNjNlLTE0NWU2NDJlNzkwYiwwMDAwMDAwMC0wMDAwLTAwMDAtMDAwMC0wMDAwMDAwMDAwMDA_01IE4EJKYAAAAAAAAAAAAAAAAAAAAAAAAA&quot;,&quot;SiteId&quot;:&quot;02b50928-aa1c-49ff-8a52-2328b0ed49e4&quot;,&quot;Type&quot;:&quot;SiteReference&quot;}}],&quot;showNewsPinningPanel&quot;:true,&quot;showNewsMetadata&quot;:{&quot;showSocialActions&quot;:true,&quot;showAuthor&quot;:true,&quot;showDate&quot;:true},&quot;serializedFilterQuery&quot;:&quot;&lt;Where&gt;&lt;Eq&gt;&lt;FieldRef Name=\&quot;FSObjType\&quot; /&gt;&lt;Value Type=\&quot;Integer\&quot;&gt;0&lt;/Value&gt;&lt;/Eq&gt;&lt;/Where&gt;&quot;}, &quot;serverProcessedContent&quot;: {&quot;htmlStrings&quot;:{},&quot;searchablePlainTexts&quot;:{},&quot;imageSources&quot;:{},&quot;links&quot;:{&quot;baseUrl&quot;:&quot;{hosturl}{site}&quot;},&quot;componentDependencies&quot;:{&quot;layoutComponentId&quot;:&quot;ef1147f9-e3f4-4844-b4fe-ab7e6c1f3a10&quot;}}, &quot;dynamicDataPaths&quot;: {}, &quot;dynamicDataValues&quot;: {}}" ControlId="8c88f208-6c77-4bdb-86a0-0c47b4316588" Order="2" Column="1" />
                <pnp:CanvasControl WebPartType="Custom" JsonControlData="{&quot;id&quot;: &quot;62cac389-787f-495d-beca-e11786162ef4&quot;, &quot;instanceId&quot;: &quot;f046a631-d0d2-4c5f-8172-dab22d4ecf04&quot;, &quot;title&quot;: &quot;Countdown Timer&quot;, &quot;description&quot;: &quot;This web part is used to allow a site admin to count down/up to an important event.&quot;, &quot;dataVersion&quot;: &quot;2.1&quot;, &quot;properties&quot;: {&quot;showButton&quot;:true,&quot;countDate&quot;:&quot;Thu Dec 31 2020 22:00:00 GMT-0800 (Pacific Standard Time)&quot;,&quot;description&quot;:&quot;Packed with features you once thought possible only on much larger platforms into a compact quadcopter that is snappy, agile, and captures stunning high-resolution 8k images.&quot;,&quot;countDirection&quot;:&quot;COUNT_DOWN&quot;,&quot;dateDisplay&quot;:&quot;DAY_HOUR_MINUTE_SECOND&quot;,&quot;buttonText&quot;:&quot;READ PRESS RELEASE&quot;,&quot;backgroundImage&quot;:{&quot;focalPosition&quot;:{&quot;x&quot;:50,&quot;y&quot;:50},&quot;id&quot;:&quot;a065102c-4e0a-4388-b8b4-960614a7519a&quot;,&quot;listId&quot;:&quot;{listid:Site Assets}&quot;,&quot;siteId&quot;:&quot;{sitecollectionid}&quot;,&quot;webId&quot;:&quot;{siteid}&quot;,&quot;zoomRatio&quot;:1,&quot;widthFactor&quot;:0.696},&quot;backgroundOverlay&quot;:{&quot;color&quot;:&quot;#000000&quot;,&quot;opacity&quot;:42,&quot;useLightText&quot;:true}}, &quot;serverProcessedContent&quot;: {&quot;htmlStrings&quot;:{},&quot;searchablePlainTexts&quot;:{&quot;title&quot;:&quot;CONTOSO Falcon\nProduct Launch\n-&quot;},&quot;imageSources&quot;:{&quot;backgroundImage.url&quot;:&quot;{site}/SiteAssets/SitePages/TheLanding/99802443778008countdowntimer_2a.png&quot;},&quot;links&quot;:{&quot;buttonURL&quot;:&quot;{site}#&quot;}}, &quot;dynamicDataPaths&quot;: {}, &quot;dynamicDataValues&quot;: {}}" ControlId="62cac389-787f-495d-beca-e11786162ef4" Order="1" Column="2" />
                <pnp:CanvasControl WebPartType="Custom" JsonControlData="{&quot;id&quot;: &quot;868ac3c3-cad7-4bd6-9a1c-14dc5cc8e823&quot;, &quot;instanceId&quot;: &quot;7935383b-d884-48a0-add8-7dc1ec4b6e04&quot;, &quot;title&quot;: &quot;Weather&quot;, &quot;description&quot;: &quot;Show current weather conditions on your page&quot;, &quot;dataVersion&quot;: &quot;1.2&quot;, &quot;properties&quot;: {&quot;temperatureUnit&quot;:&quot;F&quot;,&quot;locations&quot;:[{&quot;latitude&quot;:47.679,&quot;longitude&quot;:-122.132,&quot;name&quot;:&quot;Redmond, United States&quot;,&quot;showCustomizedDisplayName&quot;:false}]}, &quot;serverProcessedContent&quot;: {&quot;htmlStrings&quot;:{},&quot;searchablePlainTexts&quot;:{},&quot;imageSources&quot;:{},&quot;links&quot;:{}}, &quot;dynamicDataPaths&quot;: {}, &quot;dynamicDataValues&quot;: {}}" ControlId="868ac3c3-cad7-4bd6-9a1c-14dc5cc8e823" Order="2" Column="2" />
                <pnp:CanvasControl WebPartType="Custom" JsonControlData="{&quot;id&quot;: &quot;81b57906-cbed-4bb1-9823-2e3314f46f28&quot;, &quot;instanceId&quot;: &quot;3ecf757a-2d6b-4997-9a7e-42aad0940503&quot;, &quot;title&quot;: &quot;World clock&quot;, &quot;description&quot;: &quot;Show clocks for the time zones you choose&quot;, &quot;dataVersion&quot;: &quot;1.0&quot;, &quot;properties&quot;: {&quot;timeFormat&quot;:&quot;hm&quot;,&quot;dateFormat&quot;:&quot;mmm dd, yyyy&quot;,&quot;isSpecifyDateTimeFormats&quot;:false,&quot;shouldShowDayOfWeek&quot;:true,&quot;clockItems&quot;:[{&quot;location&quot;:&quot;Redmond, WA&quot;,&quot;useManualConfiguration&quot;:false,&quot;displayedLocation&quot;:&quot;Redmond, WA&quot;,&quot;isTimezoneResolved&quot;:true,&quot;windowsTimeZoneId&quot;:&quot;Pacific Standard Time&quot;,&quot;manualConfiguredTimezoneId&quot;:&quot;Pacific Standard Time&quot;},{&quot;location&quot;:&quot;Singapore, Singapore&quot;,&quot;useManualConfiguration&quot;:false,&quot;displayedLocation&quot;:&quot;Singapore, Singapore&quot;,&quot;isTimezoneResolved&quot;:true,&quot;windowsTimeZoneId&quot;:&quot;Singapore Standard Time&quot;,&quot;manualConfiguredTimezoneId&quot;:&quot;Singapore Standard Time&quot;},{&quot;location&quot;:&quot;Oslo&quot;,&quot;useManualConfiguration&quot;:false,&quot;displayedLocation&quot;:&quot;Oslo&quot;,&quot;isTimezoneResolved&quot;:true,&quot;windowsTimeZoneId&quot;:&quot;W. Europe Standard Time&quot;,&quot;manualConfiguredTimezoneId&quot;:&quot;W. Europe Standard Time&quot;}]}, &quot;serverProcessedContent&quot;: {&quot;htmlStrings&quot;:{},&quot;searchablePlainTexts&quot;:{&quot;webPartTitle&quot;:&quot;&quot;},&quot;imageSources&quot;:{},&quot;links&quot;:{}}, &quot;dynamicDataPaths&quot;: {}, &quot;dynamicDataValues&quot;: {}}" ControlId="81b57906-cbed-4bb1-9823-2e3314f46f28" Order="3" Column="2" />
                <pnp:CanvasControl WebPartType="News" JsonControlData="{&quot;id&quot;: &quot;8c88f208-6c77-4bdb-86a0-0c47b4316588&quot;, &quot;instanceId&quot;: &quot;bf7518a9-dc46-4b6a-8bc1-564f747ec95e&quot;, &quot;title&quot;: &quot;News&quot;, &quot;description&quot;: &quot;Display recent news.&quot;, &quot;dataVersion&quot;: &quot;1.11&quot;, &quot;properties&quot;: {&quot;carouselSettings&quot;:{&quot;autoplay&quot;:false,&quot;autoplaySpeed&quot;:5,&quot;dots&quot;:true,&quot;lazyLoad&quot;:true,&quot;metadata&quot;:true,&quot;swipe&quot;:true,&quot;useStockItems&quot;:false},&quot;showChrome&quot;:true,&quot;showSocialActions&quot;:true,&quot;layoutId&quot;:&quot;ListNews&quot;,&quot;prefetchCount&quot;:4,&quot;filters&quot;:[{&quot;filterType&quot;:1,&quot;value&quot;:&quot;&quot;,&quot;values&quot;:[]}],&quot;newsDataSourceProp&quot;:4,&quot;dataProviderId&quot;:&quot;myNews&quot;,&quot;newsSiteList&quot;:[],&quot;renderItemsSliderValue&quot;:4,&quot;webId&quot;:&quot;{siteid}&quot;,&quot;siteId&quot;:&quot;{sitecollectionid}&quot;,&quot;pinnedItems&quot;:[null,null,null,null,null,null,null,null,null,null,null,null,null,null,null],&quot;templateId&quot;:&quot;ListNews&quot;,&quot;propsLastEdited&quot;:&quot;2019-08-26T17:13:17.813Z&quot;,&quot;compactMode&quot;:false,&quot;showNewsMetadata&quot;:{&quot;showSocialActions&quot;:true,&quot;showAuthor&quot;:true,&quot;showDate&quot;:true}}, &quot;serverProcessedContent&quot;: {&quot;htmlStrings&quot;:{},&quot;searchablePlainTexts&quot;:{&quot;title&quot;:&quot;My news&quot;},&quot;imageSources&quot;:{},&quot;links&quot;:{&quot;baseUrl&quot;:&quot;{hosturl}{site}&quot;},&quot;componentDependencies&quot;:{&quot;layoutComponentId&quot;:&quot;1eddf79f-ca7c-42f9-8a11-a22f9bbe2005&quot;}}, &quot;dynamicDataPaths&quot;: {}, &quot;dynamicDataValues&quot;: {}}" ControlId="8c88f208-6c77-4bdb-86a0-0c47b4316588" Order="4" Column="2" />
                <pnp:CanvasControl WebPartType="Custom" JsonControlData="{&quot;id&quot;: &quot;b519c4f1-5cf7-4586-a678-2f1c62cc175a&quot;, &quot;instanceId&quot;: &quot;d53f55e3-a93d-401f-8351-a9984eee3879&quot;, &quot;title&quot;: &quot;Recent documents&quot;, &quot;description&quot;: &quot;Display recent documents for the current user&quot;, &quot;dataVersion&quot;: &quot;1.0&quot;, &quot;properties&quot;: {&quot;layoutId&quot;:&quot;listDocumentLayout&quot;,&quot;count&quot;:6,&quot;dataProviderId&quot;:&quot;recentDocuments&quot;}, &quot;serverProcessedContent&quot;: {&quot;htmlStrings&quot;:{},&quot;searchablePlainTexts&quot;:{&quot;title&quot;:&quot;My recent documents&quot;},&quot;imageSources&quot;:{},&quot;links&quot;:{},&quot;componentDependencies&quot;:{&quot;layoutComponentId&quot;:&quot;c6eb85d4-7fd2-4938-bfb8-5a899344ee86&quot;}}, &quot;dynamicDataPaths&quot;: {}, &quot;dynamicDataValues&quot;: {}}" ControlId="b519c4f1-5cf7-4586-a678-2f1c62cc175a" Order="5" Column="2" />
                <pnp:CanvasControl WebPartType="Sites" JsonControlData="{&quot;id&quot;: &quot;7cba020c-5ccb-42e8-b6fc-75b3149aba7b&quot;, &quot;instanceId&quot;: &quot;265d541f-606e-4b88-9ac5-bfedf283e60f&quot;, &quot;title&quot;: &quot;Sites&quot;, &quot;description&quot;: &quot;Showcase hub sites or add links to other sites&quot;, &quot;dataVersion&quot;: &quot;1.0&quot;, &quot;properties&quot;: {&quot;sites&quot;:[{&quot;Acronym&quot;:&quot;LC&quot;,&quot;BannerColor&quot;:&quot;#0078d4&quot;,&quot;Type&quot;:&quot;Site&quot;,&quot;ItemReference&quot;:{&quot;WebId&quot;:&quot;{siteid}&quot;,&quot;IndexId&quot;:17604899184707,&quot;ExchangeId&quot;:&quot;SPO_MDZlZDVhOTAtY2UwZi00ZDkwLTlkMTAtMzJhNzU4M2QwOTE5LDVmZjNhMzQ4LTU5MzQtNDRkZS1iNjNlLTE0NWU2NDJlNzkwYiwwMDAwMDAwMC0wMDAwLTAwMDAtMDAwMC0wMDAwMDAwMDAwMDA_012BDGL7QAAAAAAAAAAAAAAAAAAAAAAAAA&quot;,&quot;SiteId&quot;:&quot;06ed5a90-ce0f-4d90-9d10-32a7583d0919&quot;,&quot;Type&quot;:&quot;SiteReference&quot;}}],&quot;sourceType&quot;:3,&quot;itemCount&quot;:8,&quot;layoutId&quot;:&quot;CompactGrid&quot;,&quot;dataProviderId&quot;:&quot;SitesDataProvider&quot;,&quot;webId&quot;:&quot;{siteid}&quot;,&quot;siteId&quot;:&quot;{sitecollectionid}&quot;}, &quot;serverProcessedContent&quot;: {&quot;htmlStrings&quot;:{},&quot;searchablePlainTexts&quot;:{&quot;title&quot;:&quot;My frequent sites&quot;,&quot;sites[0].Title&quot;:&quot;Leadership Connection&quot;},&quot;imageSources&quot;:{&quot;sites[0].BannerImageUrl&quot;:&quot;/sites/leadership-connection/SiteAssets/sitelogo.png&quot;},&quot;links&quot;:{&quot;baseUrl&quot;:&quot;{site}&quot;,&quot;sites[0].Url&quot;:&quot;/sites/leadership-connection&quot;},&quot;componentDependencies&quot;:{&quot;layoutComponentId&quot;:&quot;706e33c8-af37-4e7b-9d22-6e5694d92a6f&quot;}}, &quot;dynamicDataPaths&quot;: {}, &quot;dynamicDataValues&quot;: {}}" ControlId="7cba020c-5ccb-42e8-b6fc-75b3149aba7b" Order="6" Column="2" />
                <pnp:CanvasControl WebPartType="ContentRollup" JsonControlData="{&quot;id&quot;: &quot;daf0b71c-6de8-4ef7-b511-faae7c388708&quot;, &quot;instanceId&quot;: &quot;0f6bbee7-ba0b-42b1-8e07-362b0767ae20&quot;, &quot;title&quot;: &quot;Highlighted content&quot;, &quot;description&quot;: &quot;Highlighted content&quot;, &quot;dataVersion&quot;: &quot;2.4&quot;, &quot;properties&quot;: {&quot;displayMaps&quot;:{&quot;1&quot;:{&quot;headingText&quot;:{&quot;sources&quot;:[&quot;SiteTitle&quot;]},&quot;headingUrl&quot;:{&quot;sources&quot;:[&quot;SPWebUrl&quot;]},&quot;title&quot;:{&quot;sources&quot;:[&quot;UserName&quot;,&quot;Title&quot;]},&quot;personImageUrl&quot;:{&quot;sources&quot;:[&quot;ProfileImageSrc&quot;]},&quot;name&quot;:{&quot;sources&quot;:[&quot;Name&quot;]},&quot;initials&quot;:{&quot;sources&quot;:[&quot;Initials&quot;]},&quot;itemUrl&quot;:{&quot;sources&quot;:[&quot;WebPath&quot;]},&quot;activity&quot;:{&quot;sources&quot;:[&quot;ModifiedDate&quot;]},&quot;previewUrl&quot;:{&quot;sources&quot;:[&quot;PreviewUrl&quot;,&quot;PictureThumbnailURL&quot;]},&quot;iconUrl&quot;:{&quot;sources&quot;:[&quot;IconUrl&quot;]},&quot;accentColor&quot;:{&quot;sources&quot;:[&quot;AccentColor&quot;]},&quot;cardType&quot;:{&quot;sources&quot;:[&quot;CardType&quot;]},&quot;tipActionLabel&quot;:{&quot;sources&quot;:[&quot;TipActionLabel&quot;]},&quot;tipActionButtonIcon&quot;:{&quot;sources&quot;:[&quot;TipActionButtonIcon&quot;]},&quot;className&quot;:{&quot;sources&quot;:[&quot;ClassName&quot;]}},&quot;2&quot;:{&quot;column1&quot;:{&quot;heading&quot;:&quot;&quot;,&quot;sources&quot;:[&quot;FileType&quot;],&quot;width&quot;:34},&quot;column2&quot;:{&quot;heading&quot;:&quot;Title&quot;,&quot;sources&quot;:[&quot;Title&quot;],&quot;linkUrls&quot;:[&quot;WebPath&quot;],&quot;width&quot;:250},&quot;column3&quot;:{&quot;heading&quot;:&quot;Modified&quot;,&quot;sources&quot;:[&quot;ModifiedDate&quot;],&quot;width&quot;:100},&quot;column4&quot;:{&quot;heading&quot;:&quot;Modified By&quot;,&quot;sources&quot;:[&quot;Name&quot;],&quot;width&quot;:150}},&quot;3&quot;:{&quot;id&quot;:{&quot;sources&quot;:[&quot;UniqueID&quot;]},&quot;edit&quot;:{&quot;sources&quot;:[&quot;edit&quot;]},&quot;DefaultEncodingURL&quot;:{&quot;sources&quot;:[&quot;DefaultEncodingURL&quot;]},&quot;FileExtension&quot;:{&quot;sources&quot;:[&quot;FileExtension&quot;]},&quot;FileType&quot;:{&quot;sources&quot;:[&quot;FileType&quot;]},&quot;Path&quot;:{&quot;sources&quot;:[&quot;Path&quot;]},&quot;PictureThumbnailURL&quot;:{&quot;sources&quot;:[&quot;PictureThumbnailURL&quot;]},&quot;PreviewUrl&quot;:{&quot;sources&quot;:[&quot;PreviewUrl&quot;]},&quot;SiteID&quot;:{&quot;sources&quot;:[&quot;SiteID&quot;]},&quot;SiteTitle&quot;:{&quot;sources&quot;:[&quot;SiteTitle&quot;]},&quot;Title&quot;:{&quot;sources&quot;:[&quot;Title&quot;]},&quot;UniqueID&quot;:{&quot;sources&quot;:[&quot;UniqueID&quot;]},&quot;WebId&quot;:{&quot;sources&quot;:[&quot;WebId&quot;]},&quot;WebPath&quot;:{&quot;sources&quot;:[&quot;WebPath&quot;]}},&quot;4&quot;:{&quot;headingText&quot;:{&quot;sources&quot;:[&quot;SiteTitle&quot;]},&quot;headingUrl&quot;:{&quot;sources&quot;:[&quot;SPWebUrl&quot;]},&quot;title&quot;:{&quot;sources&quot;:[&quot;UserName&quot;,&quot;Title&quot;]},&quot;personImageUrl&quot;:{&quot;sources&quot;:[&quot;ProfileImageSrc&quot;]},&quot;name&quot;:{&quot;sources&quot;:[&quot;Name&quot;]},&quot;initials&quot;:{&quot;sources&quot;:[&quot;Initials&quot;]},&quot;itemUrl&quot;:{&quot;sources&quot;:[&quot;WebPath&quot;]},&quot;activity&quot;:{&quot;sources&quot;:[&quot;ModifiedDate&quot;]},&quot;previewUrl&quot;:{&quot;sources&quot;:[&quot;PreviewUrl&quot;,&quot;PictureThumbnailURL&quot;]},&quot;iconUrl&quot;:{&quot;sources&quot;:[&quot;IconUrl&quot;]},&quot;accentColor&quot;:{&quot;sources&quot;:[&quot;AccentColor&quot;]},&quot;cardType&quot;:{&quot;sources&quot;:[&quot;CardType&quot;]},&quot;tipActionLabel&quot;:{&quot;sources&quot;:[&quot;TipActionLabel&quot;]},&quot;tipActionButtonIcon&quot;:{&quot;sources&quot;:[&quot;TipActionButtonIcon&quot;]},&quot;className&quot;:{&quot;sources&quot;:[&quot;ClassName&quot;]}}},&quot;query&quot;:{&quot;contentLocation&quot;:4,&quot;contentTypes&quot;:[1],&quot;sortType&quot;:1,&quot;filters&quot;:[{&quot;filterType&quot;:1,&quot;value&quot;:&quot;&quot;,&quot;values&quot;:[]}],&quot;documentTypes&quot;:[99],&quot;advancedQueryText&quot;:&quot;&quot;},&quot;templateId&quot;:1,&quot;maxItemsPerPage&quot;:8,&quot;hideWebPartWhenEmpty&quot;:false,&quot;sites&quot;:[],&quot;queryMode&quot;:&quot;Basic&quot;,&quot;layoutId&quot;:&quot;Card&quot;,&quot;dataProviderId&quot;:&quot;List&quot;,&quot;webId&quot;:&quot;{siteid}&quot;,&quot;siteId&quot;:&quot;{sitecollectionid}&quot;,&quot;lastListId&quot;:&quot;{listid:Documents}&quot;,&quot;listId&quot;:&quot;{listid:Documents}&quot;,&quot;listTitle&quot;:&quot;Documents&quot;,&quot;caml&quot;:&quot;&lt;View Scope=\&quot;RecursiveAll\&quot;&gt;&lt;Query&gt;&lt;Where&gt;&lt;Eq&gt;&lt;FieldRef Name=\&quot;FSObjType\&quot; /&gt;&lt;Value Type=\&quot;Integer\&quot;&gt;0&lt;/Value&gt;&lt;/Eq&gt;&lt;/Where&gt;&lt;OrderBy&gt;&lt;FieldRef Name=\&quot;Modified\&quot; Ascending=\&quot;false\&quot; /&gt;&lt;/OrderBy&gt;&lt;/Query&gt;&lt;ViewFields&gt;&lt;FieldRef Name=\&quot;Editor\&quot; /&gt;&lt;FieldRef Name=\&quot;FileLeafRef\&quot; /&gt;&lt;FieldRef Name=\&quot;File_x0020_Type\&quot; /&gt;&lt;FieldRef Name=\&quot;ID\&quot; /&gt;&lt;FieldRef Name=\&quot;Modified\&quot; /&gt;&lt;FieldRef Name=\&quot;Title\&quot; /&gt;&lt;FieldRef Name=\&quot;UniqueID\&quot; /&gt;&lt;FieldRef Name=\&quot;_ShortcutUrl\&quot; /&gt;&lt;/ViewFields&gt;&lt;RowLimit Paged=\&quot;false\&quot;&gt;8&lt;/RowLimit&gt;&lt;/View&gt;&quot;,&quot;isDefaultDocumentLibrary&quot;:false}, &quot;serverProcessedContent&quot;: {&quot;htmlStrings&quot;:{},&quot;searchablePlainTexts&quot;:{&quot;title&quot;:&quot;My recommendations&quot;},&quot;imageSources&quot;:{},&quot;links&quot;:{&quot;baseUrl&quot;:&quot;{hosturl}{site}&quot;},&quot;componentDependencies&quot;:{&quot;layoutComponentId&quot;:&quot;62680648-d047-46ec-81e0-475ee78e482d&quot;}}, &quot;dynamicDataPaths&quot;: {}, &quot;dynamicDataValues&quot;: {}}" ControlId="daf0b71c-6de8-4ef7-b511-faae7c388708" Order="7" Column="2" />
              </pnp:Controls>
            </pnp:Section>
            <pnp:Section Order="2" Type="OneColumn" BackgroundEmphasis="Soft">
              <pnp:Controls>
                <pnp:CanvasControl WebPartType="QuickLinks" JsonControlData="{&quot;id&quot;: &quot;c70391ea-0b10-4ee9-b2b4-006d3fcad0cd&quot;, &quot;instanceId&quot;: &quot;041e57f0-a767-467f-bbf2-62086cee0e46&quot;, &quot;title&quot;: &quot;Quick links&quot;, &quot;description&quot;: &quot;Add links to important documents and pages.&quot;, &quot;dataVersion&quot;: &quot;2.2&quot;, &quot;properties&quot;: {&quot;items&quot;:[{&quot;sourceItem&quot;:{&quot;itemType&quot;:2,&quot;fileExtension&quot;:&quot;&quot;,&quot;progId&quot;:&quot;&quot;},&quot;thumbnailType&quot;:1,&quot;id&quot;:6,&quot;image&quot;:{&quot;guids&quot;:{&quot;listId&quot;:&quot;{listid:Site Assets}&quot;,&quot;uniqueId&quot;:&quot;3d96c049-66d0-4fec-a404-217da3b9b8ca&quot;,&quot;webId&quot;:&quot;{siteid}&quot;,&quot;siteId&quot;:&quot;{sitecollectionid}&quot;},&quot;imageFit&quot;:2}},{&quot;sourceItem&quot;:{&quot;itemType&quot;:2,&quot;fileExtension&quot;:&quot;&quot;,&quot;progId&quot;:&quot;&quot;},&quot;thumbnailType&quot;:1,&quot;id&quot;:5,&quot;image&quot;:{&quot;guids&quot;:{&quot;listId&quot;:&quot;{listid:Site Assets}&quot;,&quot;uniqueId&quot;:&quot;e850c434-33da-4e95-a1fd-973d838e09f4&quot;,&quot;webId&quot;:&quot;{siteid}&quot;,&quot;siteId&quot;:&quot;{sitecollectionid}&quot;},&quot;imageFit&quot;:2}},{&quot;sourceItem&quot;:{&quot;itemType&quot;:2,&quot;fileExtension&quot;:&quot;&quot;,&quot;progId&quot;:&quot;&quot;},&quot;thumbnailType&quot;:1,&quot;id&quot;:4,&quot;image&quot;:{&quot;guids&quot;:{&quot;listId&quot;:&quot;{listid:Site Assets}&quot;,&quot;uniqueId&quot;:&quot;3bad2f89-c275-400d-a71a-aeb3fa2bf9de&quot;,&quot;webId&quot;:&quot;{siteid}&quot;,&quot;siteId&quot;:&quot;{sitecollectionid}&quot;},&quot;imageFit&quot;:2}},{&quot;sourceItem&quot;:{&quot;itemType&quot;:2,&quot;fileExtension&quot;:&quot;&quot;,&quot;progId&quot;:&quot;&quot;},&quot;thumbnailType&quot;:1,&quot;id&quot;:3,&quot;image&quot;:{&quot;guids&quot;:{&quot;listId&quot;:&quot;{listid:Site Assets}&quot;,&quot;uniqueId&quot;:&quot;222af678-8fd9-4837-af27-c879c1bf5900&quot;,&quot;webId&quot;:&quot;{siteid}&quot;,&quot;siteId&quot;:&quot;{sitecollectionid}&quot;},&quot;imageFit&quot;:2}},{&quot;sourceItem&quot;:{&quot;itemType&quot;:2,&quot;fileExtension&quot;:&quot;&quot;,&quot;progId&quot;:&quot;&quot;},&quot;thumbnailType&quot;:1,&quot;id&quot;:2,&quot;image&quot;:{&quot;guids&quot;:{&quot;listId&quot;:&quot;{listid:Site Assets}&quot;,&quot;uniqueId&quot;:&quot;fe46878f-5ffa-4e5d-8bcc-9e93547cff5e&quot;,&quot;webId&quot;:&quot;{siteid}&quot;,&quot;siteId&quot;:&quot;{sitecollectionid}&quot;},&quot;imageFit&quot;:2}},{&quot;sourceItem&quot;:{&quot;itemType&quot;:2,&quot;fileExtension&quot;:&quot;&quot;,&quot;progId&quot;:&quot;&quot;},&quot;thumbnailType&quot;:1,&quot;id&quot;:1,&quot;image&quot;:{&quot;guids&quot;:{&quot;listId&quot;:&quot;{listid:Site Assets}&quot;,&quot;uniqueId&quot;:&quot;ad03ef87-20a1-447f-942d-ae91316dce91&quot;,&quot;webId&quot;:&quot;{siteid}&quot;,&quot;siteId&quot;:&quot;{sitecollectionid}&quot;},&quot;imageFit&quot;:2}}],&quot;isMigrated&quot;:true,&quot;layoutId&quot;:&quot;FilmStrip&quot;,&quot;shouldShowThumbnail&quot;:true,&quot;buttonLayoutOptions&quot;:{&quot;showDescription&quot;:false,&quot;buttonTreatment&quot;:2,&quot;iconPositionType&quot;:2,&quot;textAlignmentVertical&quot;:2,&quot;textAlignmentHorizontal&quot;:2,&quot;linesOfText&quot;:2},&quot;listLayoutOptions&quot;:{&quot;showDescription&quot;:false,&quot;showIcon&quot;:true},&quot;waffleLayoutOptions&quot;:{&quot;iconSize&quot;:1,&quot;onlyShowThumbnail&quot;:false},&quot;hideWebPartWhenEmpty&quot;:true,&quot;dataProviderId&quot;:&quot;QuickLinks&quot;,&quot;webId&quot;:&quot;{siteid}&quot;,&quot;siteId&quot;:&quot;{sitecollectionid}&quot;}, &quot;serverProcessedContent&quot;: {&quot;htmlStrings&quot;:{},&quot;searchablePlainTexts&quot;:{&quot;title&quot;:&quot;Recommended viewing&quot;,&quot;items[0].title&quot;:&quot;August Town Hall Highlights&quot;,&quot;items[1].title&quot;:&quot;Customer Showcase: Amanda Brady, Connecticut wilderness&quot;,&quot;items[2].title&quot;:&quot;In the Design Studio with Carlos Slattery&quot;,&quot;items[3].title&quot;:&quot;Mark 8 Roadmap&quot;,&quot;items[4].title&quot;:&quot;Your privacy is our policy&quot;,&quot;items[5].title&quot;:&quot;Quadcopter safety programs&quot;,&quot;items[0].description&quot;:&quot;&quot;,&quot;items[1].description&quot;:&quot;&quot;,&quot;items[2].description&quot;:&quot;&quot;,&quot;items[3].description&quot;:&quot;&quot;,&quot;items[4].description&quot;:&quot;&quot;,&quot;items[5].description&quot;:&quot;&quot;,&quot;items[0].altText&quot;:&quot;&quot;,&quot;items[1].altText&quot;:&quot;&quot;,&quot;items[2].altText&quot;:&quot;&quot;,&quot;items[3].altText&quot;:&quot;&quot;,&quot;items[4].altText&quot;:&quot;&quot;,&quot;items[5].altText&quot;:&quot;&quot;},&quot;imageSources&quot;:{&quot;items[0].image.url&quot;:&quot;{site}/SiteAssets/SitePages/TheLanding/townhall.jpg&quot;,&quot;items[1].image.url&quot;:&quot;{site}/SiteAssets/SitePages/TheLanding/showcase.jpg&quot;,&quot;items[2].image.url&quot;:&quot;{site}/SiteAssets/SitePages/TheLanding/carlos.jpg&quot;,&quot;items[3].image.url&quot;:&quot;{site}/SiteAssets/SitePages/TheLanding/mark8roadmap.jpg&quot;,&quot;items[4].image.url&quot;:&quot;{site}/SiteAssets/SitePages/TheLanding/privacy.jpg&quot;,&quot;items[5].image.url&quot;:&quot;{site}/SiteAssets/SitePages/TheLanding/quadcopter.jpg&quot;,&quot;items[0].rawPreviewImageUrl&quot;:&quot;{site}/_api/v2.1/sites/m365x377533.sharepoint.com,{sitecollectionid},{siteid}/items/7658204d-2218-4a50-a2d5-f6d47b50a01c/driveItem/thumbnails/0/c400x99999/content?preferNoRedirect=true&quot;,&quot;items[1].rawPreviewImageUrl&quot;:&quot;{site}/_api/v2.1/sites/m365x377533.sharepoint.com,{sitecollectionid},{siteid}/items/7658204d-2218-4a50-a2d5-f6d47b50a01c/driveItem/thumbnails/0/c400x99999/content?preferNoRedirect=true&quot;,&quot;items[2].rawPreviewImageUrl&quot;:&quot;{site}/_api/v2.1/sites/m365x377533.sharepoint.com,{sitecollectionid},{siteid}/items/7658204d-2218-4a50-a2d5-f6d47b50a01c/driveItem/thumbnails/0/c400x99999/content?preferNoRedirect=true&quot;,&quot;items[3].rawPreviewImageUrl&quot;:&quot;{site}/_api/v2.1/sites/m365x377533.sharepoint.com,{sitecollectionid},{siteid}/items/7658204d-2218-4a50-a2d5-f6d47b50a01c/driveItem/thumbnails/0/c400x99999/content?preferNoRedirect=true&quot;,&quot;items[4].rawPreviewImageUrl&quot;:&quot;{site}/_api/v2.1/sites/m365x377533.sharepoint.com,{sitecollectionid},{siteid}/items/7658204d-2218-4a50-a2d5-f6d47b50a01c/driveItem/thumbnails/0/c400x99999/content?preferNoRedirect=true&quot;,&quot;items[5].rawPreviewImageUrl&quot;:&quot;{site}/_api/v2.1/sites/m365x377533.sharepoint.com,{sitecollectionid},{siteid}/items/7658204d-2218-4a50-a2d5-f6d47b50a01c/driveItem/thumbnails/0/c400x99999/content?preferNoRedirect=true&quot;},&quot;links&quot;:{&quot;baseUrl&quot;:&quot;{site}&quot;,&quot;items[0].sourceItem.url&quot;:&quot;{site}#&quot;,&quot;items[1].sourceItem.url&quot;:&quot;{site}#&quot;,&quot;items[2].sourceItem.url&quot;:&quot;{site}#&quot;,&quot;items[3].sourceItem.url&quot;:&quot;{site}#&quot;,&quot;items[4].sourceItem.url&quot;:&quot;{site}#&quot;,&quot;items[5].sourceItem.url&quot;:&quot;{site}#&quot;},&quot;componentDependencies&quot;:{&quot;layoutComponentId&quot;:&quot;8ac0c53c-e8d0-4e3e-87d0-7449eb0d4027&quot;}}, &quot;dynamicDataPaths&quot;: {}, &quot;dynamicDataValues&quot;: {}}" ControlId="c70391ea-0b10-4ee9-b2b4-006d3fcad0cd" Order="1" Column="1" />
              </pnp:Controls>
            </pnp:Section>
            <pnp:Section Order="3" Type="TwoColumnLeft">
              <pnp:Controls>
                <pnp:CanvasControl WebPartType="Custom" JsonControlData="{&quot;id&quot;: &quot;cb3bfe97-a47f-47ca-bffb-bb9a5ff83d75&quot;, &quot;instanceId&quot;: &quot;dab88389-40af-40bd-ac50-efcd9d370c17&quot;, &quot;title&quot;: &quot;Conversations&quot;, &quot;description&quot;: &quot;Display Yammer group, user, topic or home feed&quot;, &quot;dataVersion&quot;: &quot;1.0&quot;, &quot;properties&quot;: {&quot;type&quot;:&quot;All&quot;,&quot;threadCount&quot;:4}, &quot;serverProcessedContent&quot;: {&quot;htmlStrings&quot;:{},&quot;searchablePlainTexts&quot;:{&quot;title&quot;:&quot;Conversations across Contoso&quot;},&quot;imageSources&quot;:{},&quot;links&quot;:{}}, &quot;dynamicDataPaths&quot;: {}, &quot;dynamicDataValues&quot;: {}}" ControlId="cb3bfe97-a47f-47ca-bffb-bb9a5ff83d75" Order="1" Column="1" />
                <pnp:CanvasControl WebPartType="Custom" JsonControlData="{&quot;id&quot;: &quot;f6fdf4f8-4a24-437b-a127-32e66a5dd9b4&quot;, &quot;instanceId&quot;: &quot;3a87d7f0-9929-4e1d-a655-43dd00806f5c&quot;, &quot;title&quot;: &quot;Twitter&quot;, &quot;description&quot;: &quot;Display a Twitter feed&quot;, &quot;dataVersion&quot;: &quot;1.0&quot;, &quot;properties&quot;: {&quot;displayAs&quot;:&quot;list&quot;,&quot;displayHeader&quot;:false,&quot;displayFooter&quot;:false,&quot;displayBorders&quot;:false,&quot;limit&quot;:&quot;3&quot;,&quot;term&quot;:&quot;@contosoInc&quot;,&quot;widthSlider&quot;:100,&quot;displayLightTheme&quot;:true}, &quot;serverProcessedContent&quot;: {&quot;htmlStrings&quot;:{},&quot;searchablePlainTexts&quot;:{&quot;title&quot;:&quot;&quot;},&quot;imageSources&quot;:{},&quot;links&quot;:{}}, &quot;dynamicDataPaths&quot;: {}, &quot;dynamicDataValues&quot;: {}}" ControlId="f6fdf4f8-4a24-437b-a127-32e66a5dd9b4" Order="1" Column="2" />
              </pnp:Controls>
            </pnp:Section>
            <pnp:Section Order="4" Type="ThreeColumn" BackgroundEmphasis="Strong">
              <pnp:Controls>
                <pnp:CanvasControl WebPartType="Image" JsonControlData="{&quot;id&quot;: &quot;d1d91016-032f-456d-98a4-721247c305e8&quot;, &quot;instanceId&quot;: &quot;384e878c-39b3-4a60-a796-e0a743b8efd1&quot;, &quot;title&quot;: &quot;Image&quot;, &quot;description&quot;: &quot;Show an image on your page&quot;, &quot;dataVersion&quot;: &quot;1.8&quot;, &quot;properties&quot;: {&quot;imageSourceType&quot;:2,&quot;altText&quot;:&quot;&quot;,&quot;overlayText&quot;:&quot;Learning portal&quot;,&quot;fileName&quot;:&quot;99511-3col_learning@contoso.jpg&quot;,&quot;siteId&quot;:&quot;{sitecollectionid}&quot;,&quot;webId&quot;:&quot;{siteid}&quot;,&quot;listId&quot;:&quot;{listid:Site Assets}&quot;,&quot;uniqueId&quot;:&quot;ed3f0fdf-1314-4751-918d-9515c8801161&quot;,&quot;imgWidth&quot;:760,&quot;imgHeight&quot;:570,&quot;fixAspectRatio&quot;:false,&quot;isOverlayTextEnabled&quot;:true,&quot;resizeCoefficient&quot;:1,&quot;alignment&quot;:&quot;Center&quot;}, &quot;serverProcessedContent&quot;: {&quot;htmlStrings&quot;:{},&quot;searchablePlainTexts&quot;:{&quot;captionText&quot;:&quot;&quot;},&quot;imageSources&quot;:{&quot;imageSource&quot;:&quot;{site}/SiteAssets/SitePages/TheLanding/78179-99511-3col_learning@contoso.jpg&quot;},&quot;links&quot;:{},&quot;customMetadata&quot;:{&quot;imageSource&quot;:{&quot;siteid&quot;:&quot;{sitecollectionid}&quot;,&quot;webid&quot;:&quot;{siteid}&quot;,&quot;listid&quot;:&quot;{listid:Site Assets}&quot;,&quot;uniqueid&quot;:&quot;ed3f0fdf-1314-4751-918d-9515c8801161&quot;,&quot;width&quot;:&quot;760&quot;,&quot;height&quot;:&quot;570&quot;}}}, &quot;dynamicDataPaths&quot;: {}, &quot;dynamicDataValues&quot;: {}}" ControlId="d1d91016-032f-456d-98a4-721247c305e8" Order="1" Column="1" />
                <pnp:CanvasControl WebPartType="Image" JsonControlData="{&quot;id&quot;: &quot;d1d91016-032f-456d-98a4-721247c305e8&quot;, &quot;instanceId&quot;: &quot;89a3d5d9-01d0-4937-b855-94d2abf99d51&quot;, &quot;title&quot;: &quot;Image&quot;, &quot;description&quot;: &quot;Show an image on your page&quot;, &quot;dataVersion&quot;: &quot;1.8&quot;, &quot;properties&quot;: {&quot;imageSourceType&quot;:2,&quot;altText&quot;:&quot;a group of people posing for a photo&quot;,&quot;overlayText&quot;:&quot;Give&quot;,&quot;fileName&quot;:&quot;75097-3col_give@contoso.jpg&quot;,&quot;siteId&quot;:&quot;{sitecollectionid}&quot;,&quot;webId&quot;:&quot;{siteid}&quot;,&quot;listId&quot;:&quot;{listid:Site Assets}&quot;,&quot;uniqueId&quot;:&quot;c1055f07-e063-45e6-92f7-c4bd2566de3d&quot;,&quot;imgWidth&quot;:760,&quot;imgHeight&quot;:570,&quot;fixAspectRatio&quot;:false,&quot;isOverlayTextEnabled&quot;:true}, &quot;serverProcessedContent&quot;: {&quot;htmlStrings&quot;:{},&quot;searchablePlainTexts&quot;:{&quot;captionText&quot;:&quot;&quot;},&quot;imageSources&quot;:{&quot;imageSource&quot;:&quot;{site}/SiteAssets/SitePages/TheLanding/27543-75097-3col_give@contoso.jpg&quot;},&quot;links&quot;:{},&quot;customMetadata&quot;:{&quot;imageSource&quot;:{&quot;siteid&quot;:&quot;{sitecollectionid}&quot;,&quot;webid&quot;:&quot;{siteid}&quot;,&quot;listid&quot;:&quot;{listid:Site Assets}&quot;,&quot;uniqueid&quot;:&quot;c1055f07-e063-45e6-92f7-c4bd2566de3d&quot;,&quot;width&quot;:&quot;760&quot;,&quot;height&quot;:&quot;570&quot;}}}, &quot;dynamicDataPaths&quot;: {}, &quot;dynamicDataValues&quot;: {}}" ControlId="d1d91016-032f-456d-98a4-721247c305e8" Order="2" Column="1" />
                <pnp:CanvasControl WebPartType="Image" JsonControlData="{&quot;id&quot;: &quot;d1d91016-032f-456d-98a4-721247c305e8&quot;, &quot;instanceId&quot;: &quot;2129ba2e-7766-4144-a78b-822cbec3a11f&quot;, &quot;title&quot;: &quot;Image&quot;, &quot;description&quot;: &quot;Show an image on your page&quot;, &quot;dataVersion&quot;: &quot;1.8&quot;, &quot;properties&quot;: {&quot;imageSourceType&quot;:2,&quot;altText&quot;:&quot;&quot;,&quot;overlayText&quot;:&quot;Social groups&quot;,&quot;fileName&quot;:&quot;95569-3col_culture@contoso.jpg&quot;,&quot;siteId&quot;:&quot;{sitecollectionid}&quot;,&quot;webId&quot;:&quot;{siteid}&quot;,&quot;listId&quot;:&quot;{listid:Site Assets}&quot;,&quot;uniqueId&quot;:&quot;077a0288-af43-4dd0-a04d-19c831e46fa9&quot;,&quot;imgWidth&quot;:760,&quot;imgHeight&quot;:570,&quot;fixAspectRatio&quot;:false,&quot;isOverlayTextEnabled&quot;:true,&quot;resizeCoefficient&quot;:1,&quot;alignment&quot;:&quot;Center&quot;}, &quot;serverProcessedContent&quot;: {&quot;htmlStrings&quot;:{},&quot;searchablePlainTexts&quot;:{&quot;captionText&quot;:&quot;&quot;},&quot;imageSources&quot;:{&quot;imageSource&quot;:&quot;{site}/SiteAssets/SitePages/TheLanding/41043-95569-3col_culture@contoso.jpg&quot;},&quot;links&quot;:{},&quot;customMetadata&quot;:{&quot;imageSource&quot;:{&quot;siteid&quot;:&quot;{sitecollectionid}&quot;,&quot;webid&quot;:&quot;{siteid}&quot;,&quot;listid&quot;:&quot;{listid:Site Assets}&quot;,&quot;uniqueid&quot;:&quot;077a0288-af43-4dd0-a04d-19c831e46fa9&quot;,&quot;width&quot;:&quot;760&quot;,&quot;height&quot;:&quot;570&quot;}}}, &quot;dynamicDataPaths&quot;: {}, &quot;dynamicDataValues&quot;: {}}" ControlId="d1d91016-032f-456d-98a4-721247c305e8" Order="1" Column="2" />
                <pnp:CanvasControl WebPartType="Image" JsonControlData="{&quot;id&quot;: &quot;d1d91016-032f-456d-98a4-721247c305e8&quot;, &quot;instanceId&quot;: &quot;e6ae4a98-c31f-4b40-8870-af9b5d91ba5f&quot;, &quot;title&quot;: &quot;Image&quot;, &quot;description&quot;: &quot;Show an image on your page&quot;, &quot;dataVersion&quot;: &quot;1.8&quot;, &quot;properties&quot;: {&quot;imageSourceType&quot;:2,&quot;altText&quot;:&quot;&quot;,&quot;overlayText&quot;:&quot;Programs &amp; teams&quot;,&quot;fileName&quot;:&quot;93699-3col_innovation@contoso.jpg&quot;,&quot;siteId&quot;:&quot;{sitecollectionid}&quot;,&quot;webId&quot;:&quot;{siteid}&quot;,&quot;listId&quot;:&quot;{listid:Site Assets}&quot;,&quot;uniqueId&quot;:&quot;df31b897-81d7-48b6-97e7-930a3a60a77f&quot;,&quot;imgWidth&quot;:760,&quot;imgHeight&quot;:570,&quot;fixAspectRatio&quot;:false,&quot;isOverlayTextEnabled&quot;:true,&quot;resizeCoefficient&quot;:1,&quot;alignment&quot;:&quot;Center&quot;}, &quot;serverProcessedContent&quot;: {&quot;htmlStrings&quot;:{},&quot;searchablePlainTexts&quot;:{&quot;captionText&quot;:&quot;&quot;},&quot;imageSources&quot;:{&quot;imageSource&quot;:&quot;{site}/SiteAssets/SitePages/TheLanding/3114-93699-3col_innovation@contoso.jpg&quot;},&quot;links&quot;:{},&quot;customMetadata&quot;:{&quot;imageSource&quot;:{&quot;siteid&quot;:&quot;{sitecollectionid}&quot;,&quot;webid&quot;:&quot;{siteid}&quot;,&quot;listid&quot;:&quot;{listid:Site Assets}&quot;,&quot;uniqueid&quot;:&quot;df31b897-81d7-48b6-97e7-930a3a60a77f&quot;,&quot;width&quot;:&quot;760&quot;,&quot;height&quot;:&quot;570&quot;}}}, &quot;dynamicDataPaths&quot;: {}, &quot;dynamicDataValues&quot;: {}}" ControlId="d1d91016-032f-456d-98a4-721247c305e8" Order="2" Column="2" />
                <pnp:CanvasControl WebPartType="Image" JsonControlData="{&quot;id&quot;: &quot;d1d91016-032f-456d-98a4-721247c305e8&quot;, &quot;instanceId&quot;: &quot;55f66657-f50f-49b3-8b23-22f001d1ad63&quot;, &quot;title&quot;: &quot;Image&quot;, &quot;description&quot;: &quot;Show an image on your page&quot;, &quot;dataVersion&quot;: &quot;1.8&quot;, &quot;properties&quot;: {&quot;imageSourceType&quot;:2,&quot;altText&quot;:&quot;&quot;,&quot;overlayText&quot;:&quot;Benefits&quot;,&quot;fileName&quot;:&quot;19397-3col_diversity@contoso.jpg&quot;,&quot;siteId&quot;:&quot;{sitecollectionid}&quot;,&quot;webId&quot;:&quot;{siteid}&quot;,&quot;listId&quot;:&quot;{listid:Site Assets}&quot;,&quot;uniqueId&quot;:&quot;e1fbb133-1f53-4e91-a9d1-bda7c7863f46&quot;,&quot;imgWidth&quot;:760,&quot;imgHeight&quot;:570,&quot;fixAspectRatio&quot;:false,&quot;isOverlayTextEnabled&quot;:true,&quot;resizeCoefficient&quot;:1,&quot;alignment&quot;:&quot;Center&quot;}, &quot;serverProcessedContent&quot;: {&quot;htmlStrings&quot;:{},&quot;searchablePlainTexts&quot;:{&quot;captionText&quot;:&quot;&quot;},&quot;imageSources&quot;:{&quot;imageSource&quot;:&quot;{site}/SiteAssets/SitePages/TheLanding/21573-19397-3col_diversity@contoso.jpg&quot;},&quot;links&quot;:{},&quot;customMetadata&quot;:{&quot;imageSource&quot;:{&quot;siteid&quot;:&quot;{sitecollectionid}&quot;,&quot;webid&quot;:&quot;{siteid}&quot;,&quot;listid&quot;:&quot;{listid:Site Assets}&quot;,&quot;uniqueid&quot;:&quot;e1fbb133-1f53-4e91-a9d1-bda7c7863f46&quot;,&quot;width&quot;:&quot;760&quot;,&quot;height&quot;:&quot;570&quot;}}}, &quot;dynamicDataPaths&quot;: {}, &quot;dynamicDataValues&quot;: {}}" ControlId="d1d91016-032f-456d-98a4-721247c305e8" Order="1" Column="3" />
                <pnp:CanvasControl WebPartType="Image" JsonControlData="{&quot;id&quot;: &quot;d1d91016-032f-456d-98a4-721247c305e8&quot;, &quot;instanceId&quot;: &quot;674f4fdd-bc1b-4abc-9d22-3f8514cba5b6&quot;, &quot;title&quot;: &quot;Image&quot;, &quot;description&quot;: &quot;Show an image on your page&quot;, &quot;dataVersion&quot;: &quot;1.8&quot;, &quot;properties&quot;: {&quot;imageSourceType&quot;:2,&quot;altText&quot;:&quot;a group of people sitting at a table&quot;,&quot;overlayText&quot;:&quot;Mentorship&quot;,&quot;fileName&quot;:&quot;38845-3col_mentorship@contoso.jpg&quot;,&quot;siteId&quot;:&quot;{sitecollectionid}&quot;,&quot;webId&quot;:&quot;{siteid}&quot;,&quot;listId&quot;:&quot;{listid:Site Assets}&quot;,&quot;uniqueId&quot;:&quot;d15b53d7-b787-4b7f-bba6-2e10758772a0&quot;,&quot;imgWidth&quot;:760,&quot;imgHeight&quot;:570,&quot;fixAspectRatio&quot;:false,&quot;isOverlayTextEnabled&quot;:true}, &quot;serverProcessedContent&quot;: {&quot;htmlStrings&quot;:{},&quot;searchablePlainTexts&quot;:{&quot;captionText&quot;:&quot;&quot;},&quot;imageSources&quot;:{&quot;imageSource&quot;:&quot;{site}/SiteAssets/SitePages/TheLanding/39864-38845-3col_mentorship@contoso.jpg&quot;},&quot;links&quot;:{},&quot;customMetadata&quot;:{&quot;imageSource&quot;:{&quot;siteid&quot;:&quot;{sitecollectionid}&quot;,&quot;webid&quot;:&quot;{siteid}&quot;,&quot;listid&quot;:&quot;{listid:Site Assets}&quot;,&quot;uniqueid&quot;:&quot;d15b53d7-b787-4b7f-bba6-2e10758772a0&quot;,&quot;width&quot;:&quot;760&quot;,&quot;height&quot;:&quot;570&quot;}}}, &quot;dynamicDataPaths&quot;: {}, &quot;dynamicDataValues&quot;: {}}" ControlId="d1d91016-032f-456d-98a4-721247c305e8" Order="2" Column="3" />
              </pnp:Controls>
            </pnp:Section>
          </pnp:Sections>
        </pnp:ClientSidePage>
        <pnp:ClientSidePage PageName="Taking-flight--Student-mentorship-opportunities-at-Contoso.aspx" PromoteAsNewsArticle="true" PromoteAsTemplate="false" Overwrite="true" Title="Taking flight: Student mentorship opportunities at Contoso">
          <pnp:Header Type="Custom" ServerRelativeImageUrl="{site}/SiteAssets/SitePages/Taking-flight--Student-mentorship-opportunities-at-Contoso/TAKINGFLIGHT.jpeg" LayoutType="ColorBlock" TextAlignment="Center" ShowTopicHeader="true" ShowPublishDate="false" TopicHeader="contoso works" AlternativeText="" />
          <pnp:Sections>
            <pnp:Section Order="1" Type="OneColumn">
              <pnp:Controls>
                <pnp:CanvasControl WebPartType="Text" ControlId="70148360-90cb-4ae9-8e56-4d5f7e02b186" Order="1" Column="1">
                  <pnp:CanvasControlProperties>
                    <pnp:CanvasControlProperty Key="Text" Value="&lt;h3&gt;&lt;span class=&quot;fontColorThemePrimary&quot;&gt;&lt;strong&gt;Contoso partners with local schools.&lt;/strong&gt;&lt;/span&gt;&lt;/h3&gt;&#xA;&#xA;&lt;p&gt;Local school districts are looking for volunteers to mentor students interested in world travel. If you have a passion to help others, this is the opportunity for you.&amp;nbsp;&lt;/p&gt;&#xA;&#xA;&lt;p&gt;Giving back to the&amp;nbsp;community is one of our core values.&amp;nbsp;Getting started is easy. Learn more at our upcoming program meetings, or schedule a lunch with one of our program experts to see just how you can help.&lt;/p&gt;&#xA;" />
                  </pnp:CanvasControlProperties>
                </pnp:CanvasControl>
              </pnp:Controls>
            </pnp:Section>
          </pnp:Sections>
        </pnp:ClientSidePage>
        <pnp:ClientSidePage PageName="Templates/News-post.aspx" PromoteAsNewsArticle="false" PromoteAsTemplate="true" Overwrite="true" Title="News post">
          <pnp:Header Type="Custom" ServerRelativeImageUrl="/_LAYOUTS/IMAGES/SLEEKTEMPLATEIMAGETILE.JPG" LayoutType="NoImage" TextAlignment="Center" ShowTopicHeader="false" ShowPublishDate="false" TopicHeader="" AlternativeText="" />
          <pnp:Sections>
            <pnp:Section Order="1" Type="OneColumn">
              <pnp:Controls>
                <pnp:CanvasControl WebPartType="Text" ControlId="f368d959-bf3f-4e3e-9878-11ea32deb977" Order="1" Column="1">
                  <pnp:CanvasControlProperties>
                    <pnp:CanvasControlProperty Key="Text" Value="Successful product growth and engagement is fundamentally linked to whether customers understand and realize the value it offers. While all product teams aspire to create an elegant user experience and functionality that enables customers to intuitively “get it” after they try it, product marketers are focused on conveying the product’s value to the customer to engage, convert and retain them. Product marketers play a key role in driving awareness and trial as well as packaging the product to appeal to customers. They accomplish this by packaging a product’s features and functionality into messaging and positioning, pricing, and collateral." />
                  </pnp:CanvasControlProperties>
                </pnp:CanvasControl>
              </pnp:Controls>
            </pnp:Section>
          </pnp:Sections>
        </pnp:ClientSidePage>
        <pnp:ClientSidePage PageName="Communicating-Product-Value.aspx" PromoteAsNewsArticle="true" PromoteAsTemplate="false" Overwrite="true" Title="Communicating Product Value">
          <pnp:Header Type="Custom" ServerRelativeImageUrl="{site}/SiteAssets/SitePages/Communicating-Product-Value-1-/product-value.png" LayoutType="ColorBlock" TextAlignment="Center" ShowTopicHeader="false" ShowPublishDate="false" TopicHeader="" AlternativeText="" />
          <pnp:Sections>
            <pnp:Section Order="1" Type="OneColumn">
              <pnp:Controls>
                <pnp:CanvasControl WebPartType="Text" ControlId="f368d959-bf3f-4e3e-9878-11ea32deb977" Order="1" Column="1">
                  <pnp:CanvasControlProperties>
                    <pnp:CanvasControlProperty Key="Text" Value="Successful product growth and engagement is fundamentally linked to whether customers understand and realize the value it offers. While all product teams aspire to create an elegant user experience and functionality that enables customers to intuitively “get it” after they try it, product marketers are focused on conveying the product’s value to the customer to engage, convert and retain them. Product marketers play a key role in driving awareness and trial as well as packaging the product to appeal to customers. They accomplish this by packaging a product’s features and functionality into messaging and positioning, pricing, and collateral." />
                  </pnp:CanvasControlProperties>
                </pnp:CanvasControl>
              </pnp:Controls>
            </pnp:Section>
          </pnp:Sections>
        </pnp:ClientSidePage>
        <pnp:ClientSidePage PageName="The-importance-of-branding-at-Contoso.aspx" PromoteAsNewsArticle="true" PromoteAsTemplate="false" Overwrite="true" Title="The importance of branding at Contoso">
          <pnp:Header Type="Custom" ServerRelativeImageUrl="{site}/SiteAssets/SitePages/The-importance-of-branding-at-Contoso/importance-of-branding.png" LayoutType="ColorBlock" TextAlignment="Center" ShowTopicHeader="true" ShowPublishDate="false" TopicHeader="contoso works" AlternativeText="" />
          <pnp:Sections>
            <pnp:Section Order="1" Type="OneColumn">
              <pnp:Controls>
                <pnp:CanvasControl WebPartType="Text" ControlId="f368d959-bf3f-4e3e-9878-11ea32deb977" Order="1" Column="1">
                  <pnp:CanvasControlProperties>
                    <pnp:CanvasControlProperty Key="Text" Value="At the heart of branding at Contoso is the promise that is made by us to our customers. The brand promise tells them who we are, what we believe in, and what unique value we provide.&amp;nbsp;" />
                  </pnp:CanvasControlProperties>
                </pnp:CanvasControl>
              </pnp:Controls>
            </pnp:Section>
          </pnp:Sections>
        </pnp:ClientSidePage>
        <pnp:ClientSidePage PageName="New-401K-Packets-Available-Now.aspx" PromoteAsNewsArticle="true" PromoteAsTemplate="false" Overwrite="true" Title="New 401K Packets Available Now">
          <pnp:Header Type="Custom" ServerRelativeImageUrl="{site}/SiteAssets/SitePages/New-401K-Packets-Available-Now/401k-packets.png" LayoutType="ColorBlock" TextAlignment="Center" ShowTopicHeader="true" ShowPublishDate="false" TopicHeader="contoso works" AlternativeText="" />
          <pnp:Sections>
            <pnp:Section Order="1" Type="OneColumn">
              <pnp:Controls>
                <pnp:CanvasControl WebPartType="Text" ControlId="f368d959-bf3f-4e3e-9878-11ea32deb977" Order="1" Column="1">
                  <pnp:CanvasControlProperties>
                    <pnp:CanvasControlProperty Key="Text" Value="Please stop by the HR offices to pick up the new 401K packets. These packets contain all the information you need to set up or update your 401K for the new year." />
                  </pnp:CanvasControlProperties>
                </pnp:CanvasControl>
              </pnp:Controls>
            </pnp:Section>
          </pnp:Sections>
        </pnp:ClientSidePage>
        <pnp:ClientSidePage PageName="Contoso-Mark-8--See-the-world-through-a-whole-new-perspective.aspx" PromoteAsNewsArticle="true" PromoteAsTemplate="false" Overwrite="true" Title="Contoso Mark 8: See the world through a whole new perspective">
          <pnp:Header Type="Custom" ServerRelativeImageUrl="{site}/SiteAssets/SitePages/newpage/40298-NewPerspective-newspost.jpg" LayoutType="ColorBlock" TextAlignment="Center" ShowTopicHeader="false" ShowPublishDate="false" TopicHeader="" AlternativeText="" />
          <pnp:Sections>
            <pnp:Section Order="1" Type="OneColumn">
              <pnp:Controls>
                <pnp:CanvasControl WebPartType="Text" ControlId="de4717b5-e38a-48ea-b594-f699d03dbb5c" Order="1" Column="1">
                  <pnp:CanvasControlProperties>
                    <pnp:CanvasControlProperty Key="Text" Value="On June 1, 2020&amp;nbsp;Contoso Electronics, the world’s leader in civilian drones and aerial imaging technology, will introduced Contoso Mark 8. Packed with features you once thought possible only on much larger platforms, in to a compact quadcopter that is snappy, agile, and captures stunning high resolution 8k images and video." />
                  </pnp:CanvasControlProperties>
                </pnp:CanvasControl>
              </pnp:Controls>
            </pnp:Section>
          </pnp:Sections>
        </pnp:ClientSidePage>
      </pnp:ClientSidePages>
    </pnp:ProvisioningTemplate>
  </pnp:Templates>
</pnp:Provisioning>

